"","spring_name","site_type","year","max_ndvi","max_ndvi_doy","amplitude_ndvi","dur_80th_ndvi","sos_doy_ndvi","eos_doy_ndvi","gsl_ndvi"
"1","Ceanothus","Spring","2017",0.677974252418459,199,0.514737165916161,40.8,141,286,146
"2","Ceanothus","Spring","2018",0.673169189658818,187,0.419658145089403,37.2,144,295,151
"3","Ceanothus","Spring","2019",0.705715122676005,209,0.391266777946572,37,146,273,127
"4","Ceanothus","Spring","2020",0.688868822365672,199,0.36080424766545,48.0857142857143,149,296,146
"5","Ceanothus","Spring","2021",0.711858025410438,192,0.488605079063485,39,137,292,155
"6","Ceanothus","Spring","2022",0.729859242746336,227,0.596698357205308,40.8,145,293,148
"7","Ceanothus","Spring","2023",0.741674502517597,215,0.373491325723344,34.8,150,294,144
"8","Ceanothus","Matrix","2017",0.55570924173872,173,0.532250491718989,40.8,148,283,135
"9","Ceanothus","Matrix","2018",0.552071716676601,173,0.398342325273206,43.5771428571429,145,295,150
"10","Ceanothus","Matrix","2019",0.558087466746653,201,0.426375281914766,37,144,268,125
"11","Ceanothus","Matrix","2020",0.562871943515849,199,0.461838224938828,37.4,153,295,142
"12","Ceanothus","Matrix","2021",0.543175091394633,183,0.471938287289409,39,139,292,153
"13","Ceanothus","Matrix","2022",0.585987079467632,194,0.495635949695776,50.1257142857143,159,293,134
"14","Ceanothus","Matrix","2023",0.597927611167609,194,0.343898548301086,34.8,151,294,143
"15","Cougar_37","Spring","2017",0.670003700784972,197,0.434703236381927,40.8,139,285,146
"16","Cougar_37","Spring","2018",0.679406758603241,205,0.359254171237725,37.2,142,294,152
"17","Cougar_37","Spring","2019",0.71634361026385,202,0.329658245260326,65.5428571428571,145,271,127
"18","Cougar_37","Spring","2020",0.698287496798548,200,0.332457384136512,37.6,149,287,139
"19","Cougar_37","Spring","2021",0.734074594907134,187,0.465433888989245,39,138,292,154
"20","Cougar_37","Spring","2022",0.744283112801267,213,0.516809944207905,40.8,144,293,149
"21","Cougar_37","Spring","2023",0.751435548189461,215,0.331346724094572,34.8,151,278,127
"22","Cougar_37","Matrix","2017",0.563932618524089,173,0.425993559374002,40.8,137,285,148
"23","Cougar_37","Matrix","2018",0.565511332872844,205,0.313099219822238,37.2,140,295,155
"24","Cougar_37","Matrix","2019",0.595198431829142,202,0.301538763785812,69.7714285714286,136,270,134
"25","Cougar_37","Matrix","2020",0.585830752176387,203,0.275137865306984,37.6,146,294,147
"26","Cougar_37","Matrix","2021",0.598905172386358,195,0.41048291217899,39,133,292,159
"27","Cougar_37","Matrix","2022",0.609981180727901,208,0.457095001260863,40.8,137,293,156
"28","Cougar_37","Matrix","2023",0.617074217035017,167,0.265004991075821,62.64,147,294,147
"29","Goat Ridge","Spring","2017",0.738156263838342,190,0.387894685919347,40.8,146,281,134
"30","Goat Ridge","Spring","2018",0.73523064409998,171,0.287139266904087,44.64,147,267,120
"31","Goat Ridge","Spring","2019",0.7677962101843,185,0.305443515009286,37,157,271,114
"32","Goat Ridge","Spring","2020",0.720653092313167,197,0.245190864671446,37.6,149,275,127
"33","Goat Ridge","Spring","2021",0.747834566989219,178,0.349688162982393,39,148,262,114
"34","Goat Ridge","Spring","2022",0.72591339162498,195,0.362974816518384,47.7942857142857,150,286,136
"35","Goat Ridge","Spring","2023",0.744393749381669,197,0.274038619122385,34.8,149,260,111
"36","Goat Ridge","Matrix","2017",0.620176124525846,184,0.315660816979319,40.8,138,265,127
"37","Goat Ridge","Matrix","2018",0.631883553344581,166,0.209072981809769,37.2,141,233,92
"38","Goat Ridge","Matrix","2019",0.63142700727783,184,0.236813454771385,37,153,244,91
"39","Goat Ridge","Matrix","2020",0.591499589963614,195,0.250498053169127,50.4914285714286,140,276,136
"40","Goat Ridge","Matrix","2021",0.621213885371778,172,0.289710177016343,39,136,254,118
"41","Goat Ridge","Matrix","2022",0.651390917100705,187,0.413304944961095,40.8,137,293,156
"42","Goat Ridge","Matrix","2023",0.684755679622286,163,0.232703606199453,46.7314285714286,146,246,100
"43","Sedge","Spring","2017",0.691303435188247,198,0.445524549679932,40.8,146,283,136
"44","Sedge","Spring","2018",0.69280701561162,187,0.410081148793931,37.2,146,290,143
"45","Sedge","Spring","2019",0.653559086003302,205,0.204351123368386,37,153,264,111
"46","Sedge","Spring","2020",0.689264073855558,206,0.337473988208766,37.6,153,286,133
"47","Sedge","Spring","2021",0.708790571390088,191,0.353602499441291,39,149,282,133
"48","Sedge","Spring","2022",0.737966788365187,210,0.49916276713105,40.8,144,293,149
"49","Sedge","Spring","2023",0.728539339993989,211,0.33251206280628,34.8,152,282,130
"50","Sedge","Matrix","2017",0.603274030243831,192,0.400253738391553,40.8,139,292,153
"51","Sedge","Matrix","2018",0.629542026602912,173,0.357350105009652,37.2,142,295,153
"52","Sedge","Matrix","2019",0.62869293931181,201,0.191572729674782,37,140,263,123
"53","Sedge","Matrix","2020",0.635698816315733,200,0.23637938822856,37.6,143,289,146
"54","Sedge","Matrix","2021",0.644272272230548,188,0.31535009713701,39,129,292,163
"55","Sedge","Matrix","2022",0.655601862215832,208,0.492355583041032,40.8,136,293,157
"56","Sedge","Matrix","2023",0.657523971472796,164,0.259287025936757,59.6571428571429,146,293,147
"57","Cougar_39","Spring","2017",0.695646736436051,193,0.364191025172509,40.8,150,282,132
"58","Cougar_39","Spring","2018",0.680072991029533,189,0.27196449265626,37.2,146,267,121
"59","Cougar_39","Spring","2019",0.691199683538476,209,0.224394813087502,37,157,265,108
"60","Cougar_39","Spring","2020",0.697291012498603,199,0.294066898104513,37.6,146,278,131
"61","Cougar_39","Spring","2021",0.722624678289167,191,0.337843284206595,39,154,278,124
"62","Cougar_39","Spring","2022",0.753127860719175,201,0.424901720377736,40.8,148,286,138
"63","Cougar_39","Spring","2023",0.710252400142506,198,0.255314518978371,34.8,152,264,112
"64","Cougar_39","Matrix","2017",0.580421127431842,184,0.246521526440264,40.8,145,281,135
"65","Cougar_39","Matrix","2018",0.601060180325252,178,0.200097333651048,37.2,144,243,99
"66","Cougar_39","Matrix","2019",0.580561824223089,204,0.112993805091819,37,154,257,103
"67","Cougar_39","Matrix","2020",0.621636732344314,198,0.1970843360323,67.68,140,258,118
"68","Cougar_39","Matrix","2021",0.61573529866089,189,0.211912551554237,39,153,249,96
"69","Cougar_39","Matrix","2022",0.643157883837995,194,0.312460473024364,40.8,138,285,147
"70","Cougar_39","Matrix","2023",0.60412519428643,188,0.139681009717697,34.4,150,256,106
"71","Equisetum","Spring","2017",0.671057218142053,191,0.274369214966882,40.8,148,274,126
"72","Equisetum","Spring","2018",0.674222624913889,201,0.227097862534057,58.4571428571429,145,258,113
"73","Equisetum","Spring","2019",0.685815960194399,195,0.247261181665083,37,158,267,109
"74","Equisetum","Spring","2020",0.681525889032226,201,0.229448883088627,37.6,150,267,117
"75","Equisetum","Spring","2021",0.69857460821233,175,0.29490649300968,39,149,265,116
"76","Equisetum","Spring","2022",0.701170882491124,202,0.253869132950582,40.8,141,265,124
"77","Equisetum","Spring","2023",0.749905288813875,179,0.264730672508644,34.8,150,266,116
"78","Equisetum","Matrix","2017",0.516691904602495,179,0.170268282836291,40.8,136,236,100
"79","Equisetum","Matrix","2018",0.5210139125557,163,0.171991982503094,37.2,133,229,96
"80","Equisetum","Matrix","2019",0.507824259406927,192,0.145303144942235,37,150,240,90
"81","Equisetum","Matrix","2020",0.542346559532363,173,0.16689303439807,38.6742857142857,140,244,104
"82","Equisetum","Matrix","2021",0.53410638917761,171,0.181321329614976,39,142,233,91
"83","Equisetum","Matrix","2022",0.554957587194639,186,0.187249169771266,40.8,136,237,101
"84","Equisetum","Matrix","2023",0.588182914782393,176,0.181913005014639,34.8,143,219,77
"85","Charred Snag","Spring","2017",0.690696958548752,191,0.22432699280695,40.8,148,236,89
"86","Charred Snag","Spring","2018",0.68210708459036,182,0.212071590186916,37,142,252,110
"87","Charred Snag","Spring","2019",0.704731668670168,197,0.203152831563789,37,144,256,112
"88","Charred Snag","Spring","2020",0.693840846683065,200,0.208956993006595,37.6,145,259,114
"89","Charred Snag","Spring","2021",0.727728716210836,171,0.339218561176287,39,144,269,125
"90","Charred Snag","Spring","2022",0.713101343703662,200,0.373714388007767,40.8,140,277,136
"91","Charred Snag","Spring","2023",0.732297500923965,190,0.273656265268581,34.6,147,261,115
"92","Charred Snag","Matrix","2017",0.551344949797948,176,0.178418419614654,40.8,125,221,96
"93","Charred Snag","Matrix","2018",0.581541899917665,163,0.205077775297488,37,133,212,78
"94","Charred Snag","Matrix","2019",0.570989348749537,172,0.189641534615914,37,132,228,96
"95","Charred Snag","Matrix","2020",0.593472426117633,178,0.177057817930896,37.6,140,227,87
"96","Charred Snag","Matrix","2021",0.55553815753063,164,0.193490963917653,39,143,202,59
"97","Charred Snag","Matrix","2022",0.586763534100637,178,0.258869799226557,40.8,133,222,89
"98","Charred Snag","Matrix","2023",0.652338262465745,181,0.237611821681323,34.6,149,223,74
"99","Meadow","Spring","2017",0.653012143270919,191,0.214331891624544,40.8,150,234,84
"100","Meadow","Spring","2018",0.635740740962157,176,0.209357675480454,37,143,245,103
"101","Meadow","Spring","2019",0.648158781296315,197,0.21363293438804,37,140,255,114
"102","Meadow","Spring","2020",0.644798417172866,197,0.213328376989338,37.6,150,252,102
"103","Meadow","Spring","2021",0.679061961811251,176,0.315102113676663,39,145,262,117
"104","Meadow","Spring","2022",0.684208598693197,203,0.360439162512001,40.8,141,276,134
"105","Meadow","Spring","2023",0.704211296204217,178,0.251469090146007,34.6,147,256,110
"106","Meadow","Matrix","2017",0.485972685081925,171,0.159089281623825,40.8,114,221,107
"107","Meadow","Matrix","2018",0.506775560055464,163,0.17131724692305,37,132,201,69
"108","Meadow","Matrix","2019",0.489562686414463,166,0.168306185889307,37,123,221,97
"109","Meadow","Matrix","2020",0.533152669210309,177,0.18993384983473,37.6,140,213,73
"110","Meadow","Matrix","2021",0.472247862877257,162,0.160042626862821,39,138,221,82
"111","Meadow","Matrix","2022",0.506197041372806,172,0.215669181300496,40.8,131,216,85
"112","Meadow","Matrix","2023",0.545596632649514,177,0.188114185003,34.6,146,209,63
"113","Goat_8","Spring","2017",0.662084542901736,184,0.317088834169149,40.8,146,263,117
"114","Goat_8","Spring","2018",0.66679012704054,169,0.273061948244568,37.2,141,245,104
"115","Goat_8","Spring","2019",0.633174447472117,200,0.219753909370711,37,151,260,109
"116","Goat_8","Spring","2020",0.646882350290676,185,0.252381448997033,37.6,144,262,118
"117","Goat_8","Spring","2021",0.634891282720152,166,0.286403357038395,54.6,142,265,124
"118","Goat_8","Spring","2022",0.66542745868205,203,0.33868483660412,40.8,141,276,134
"119","Goat_8","Spring","2023",0.686514342189013,191,0.277165614158379,76.56,141,268,127
"120","Goat_8","Matrix","2017",0.452058234676833,185,0.198838758336439,40.8,130,253,122
"121","Goat_8","Matrix","2018",0.480103839247735,157,0.208995710888241,37.2,128,230,102
"122","Goat_8","Matrix","2019",0.484727299649284,156,0.201976424270581,61.3142857142857,137,231,94
"123","Goat_8","Matrix","2020",0.474085576140054,168,0.188817513706453,37.6,134,242,109
"124","Goat_8","Matrix","2021",0.458872389381061,162,0.192415735582371,39,129,243,114
"125","Goat_8","Matrix","2022",0.474305938161526,187,0.208305172341555,40.8,137,248,111
"126","Goat_8","Matrix","2023",0.498555361345745,159,0.195128406503787,45.7371428571428,138,250,112
"127","Black Talus","Spring","2017",0.650354408014764,181,0.286131942334224,40.8,136,265,129
"128","Black Talus","Spring","2018",0.665968818328758,167,0.270770640165286,37.2,138,255,117
"129","Black Talus","Spring","2019",0.665685022999627,188,0.246318636925975,37,147,261,114
"130","Black Talus","Spring","2020",0.654412742737856,178,0.245501642347483,37.6,141,261,120
"131","Black Talus","Spring","2021",0.651339873301732,165,0.272168485873473,53.4857142857143,140,257,117
"132","Black Talus","Spring","2022",0.653279629081557,196,0.327379749462628,40.8,139,274,135
"133","Black Talus","Spring","2023",0.673239267955249,165,0.27550063344022,79.5428571428571,139,269,130
"134","Black Talus","Matrix","2017",0.46061705210991,169,0.191667907467829,40.8,127,244,118
"135","Black Talus","Matrix","2018",0.482201520144602,162,0.194048095841252,37.2,131,221,89
"136","Black Talus","Matrix","2019",0.460205066602961,174,0.153657217179536,37,140,220,79
"137","Black Talus","Matrix","2020",0.483175339367731,168,0.188799134896976,37.6,134,236,102
"138","Black Talus","Matrix","2021",0.465622199283448,162,0.178093765371527,55.7142857142857,140,220,79
"139","Black Talus","Matrix","2022",0.468282617946178,181,0.196616968614986,40.8,133,230,97
"140","Black Talus","Matrix","2023",0.492202165176521,161,0.182581022710508,42.7542857142857,137,202,65
"141","Wolf Skull","Spring","2017",0.695709934797659,190,0.301206356795146,40.8,145,284,139
"142","Wolf Skull","Spring","2018",0.680886296383796,180,0.23538479033548,37.2,143,275,132
"143","Wolf Skull","Spring","2019",0.69905116014541,197,0.188355644396256,37,157,264,107
"144","Wolf Skull","Spring","2020",0.696336237840081,200,0.26392983999376,37.6,144,282,138
"145","Wolf Skull","Spring","2021",0.722674027332585,179,0.344552437525223,57.9428571428572,145,292,147
"146","Wolf Skull","Spring","2022",0.747634322994027,194,0.426639582014382,40.8,145,293,148
"147","Wolf Skull","Spring","2023",0.739858428446523,198,0.246391977913906,34.8,150,270,120
"148","Wolf Skull","Matrix","2017",0.583028692160511,185,0.318014361813957,40.8,132,279,147
"149","Wolf Skull","Matrix","2018",0.585602699276552,174,0.221864771640949,37.2,136,279,143
"150","Wolf Skull","Matrix","2019",0.587802021030658,192,0.257983741082915,37,132,264,132
"151","Wolf Skull","Matrix","2020",0.604522232061313,196,0.261547392529669,37.6,142,282,140
"152","Wolf Skull","Matrix","2021",0.604422831261212,173,0.396838253250834,39,134,292,158
"153","Wolf Skull","Matrix","2022",0.653015864223147,190,0.46020819498745,40.8,141,293,152
"154","Wolf Skull","Matrix","2023",0.667905919860091,165,0.251847190767108,44.7428571428571,147,266,119
"155","West Goat","Spring","2017",0.703913380868375,177,0.302695511277616,40.8,137,257,120
"156","West Goat","Spring","2018",0.707834313247088,166,0.276456696436299,37.2,133,257,123
"157","West Goat","Spring","2019",0.68178094693618,196,0.197304455038498,37,147,261,114
"158","West Goat","Spring","2020",0.700606608287982,169,0.244840964848447,37.6,137,260,124
"159","West Goat","Spring","2021",0.709919698563433,159,0.283721381245833,39,138,260,121
"160","West Goat","Spring","2022",0.743783007483914,190,0.36900528250201,40.8,144,277,133
"161","West Goat","Spring","2023",0.750617353047142,193,0.283189677065765,43.7485714285714,138,270,132
"162","West Goat","Matrix","2017",0.475193779931742,167,0.177123982930159,40.8,124,226,101
"163","West Goat","Matrix","2018",0.501171822548432,161,0.189279140488462,37.2,130,215,85
"164","West Goat","Matrix","2019",0.453834079693872,171,0.124991755945191,37,132,224,92
"165","West Goat","Matrix","2020",0.500981828533033,163,0.187808992215304,37.6,131,232,101
"166","West Goat","Matrix","2021",0.480082331833714,162,0.176355693100035,57.9428571428572,140,216,76
"167","West Goat","Matrix","2022",0.492685608588646,176,0.201046530119221,40.8,132,229,97
"168","West Goat","Matrix","2023",0.514726459576156,162,0.180374905192732,41.76,137,202,65
"169","Dunce_4","Spring","2017",0.698696986714355,185,0.229796917609286,40.8,136,239,103
"170","Dunce_4","Spring","2018",0.721316034526573,170,0.230714552194618,46.0114285714286,138,262,123
"171","Dunce_4","Spring","2019",0.724529295571995,178,0.232744719606802,37,140,251,111
"172","Dunce_4","Spring","2020",0.713011921804446,195,0.201250716396087,37.6,143,265,121
"173","Dunce_4","Spring","2021",0.751623755140743,165,0.265109847052302,39,140,256,116
"174","Dunce_4","Spring","2022",0.753183425391269,195,0.322068681646373,40.8,139,281,142
"175","Dunce_4","Spring","2023",0.786094763633189,167,0.242264253273375,42.7542857142857,139,229,90
"176","Dunce_4","Matrix","2017",0.610377476022669,183,0.135322443529565,50.1257142857143,128,212,84
"177","Dunce_4","Matrix","2018",0.620347960950405,156,0.145366527905363,36.6,131,210,79
"178","Dunce_4","Matrix","2019",0.608602860557655,169,0.13660389865369,37,137,213,76
"179","Dunce_4","Matrix","2020",0.599310345820769,172,0.127369484873403,37.6,140,233,93
"180","Dunce_4","Matrix","2021",0.627596851964581,163,0.158518065548121,39,140,188,48
"181","Dunce_4","Matrix","2022",0.644666008705658,182,0.21471358362237,40.8,134,252,118
"182","Dunce_4","Matrix","2023",0.663351960480619,175,0.177265596468588,34.8,137,220,84
"183","Game Knob","Spring","2017",0.669183434888538,186,0.256229615580967,40.8,145,269,124
"184","Game Knob","Spring","2018",0.661899151586996,170,0.203571846682207,37.2,139,251,113
"185","Game Knob","Spring","2019",0.675368191220034,195,0.213160792855699,37,149,262,113
"186","Game Knob","Spring","2020",0.662756364801737,194,0.254791633780297,37.6,142,268,126
"187","Game Knob","Spring","2021",0.710514824118298,173,0.3954158032981,66.8571428571429,138,279,140
"188","Game Knob","Spring","2022",0.746130420058525,190,0.45023570634539,40.8,143,285,142
"189","Game Knob","Spring","2023",0.750519250288317,164,0.271598495560143,46.7314285714286,145,265,120
"190","Game Knob","Matrix","2017",0.610216454506496,180,0.196803926300428,40.8,142,227,85
"191","Game Knob","Matrix","2018",0.625782196535017,166,0.211415192579902,37.2,133,227,94
"192","Game Knob","Matrix","2019",0.61085176881773,182,0.172880670413529,37,141,238,96
"193","Game Knob","Matrix","2020",0.617289565212043,182,0.194531605867915,37.6,140,243,103
"194","Game Knob","Matrix","2021",0.623532497691339,168,0.231608551246844,39,146,243,97
"195","Game Knob","Matrix","2022",0.677733001907556,188,0.277588192304449,40.8,145,252,107
"196","Game Knob","Matrix","2023",0.674153150950756,178,0.226124029338759,34.8,142,243,101
"197","Black Cliffs","Spring","2017",0.634466140618093,169,0.21155254539842,40.8,125,233,107
"198","Black Cliffs","Spring","2018",0.633702432615225,159,0.219639010132466,45.7028571428572,130,257,126
"199","Black Cliffs","Spring","2019",0.654817912669683,164,0.202556707534664,37,132,258,126
"200","Black Cliffs","Spring","2020",0.642238662820088,155,0.206629092283786,66.6057142857143,131,259,128
"201","Black Cliffs","Spring","2021",0.6892450293678,162,0.279424795392225,39,136,241,105
"202","Black Cliffs","Spring","2022",0.660871585674873,183,0.298459692609168,40.8,137,265,128
"203","Black Cliffs","Spring","2023",0.668004983511714,163,0.22348283100464,34.8,138,251,113
"204","Black Cliffs","Matrix","2017",0.551270289142805,170,0.157806892684316,40.8,115,214,99
"205","Black Cliffs","Matrix","2018",0.561351319643922,149,0.150610331821533,37.2,127,208,81
"206","Black Cliffs","Matrix","2019",0.570473776588627,157,0.152773760223214,37,128,221,93
"207","Black Cliffs","Matrix","2020",0.555045196897714,154,0.173738133889637,37.6,128,216,88
"208","Black Cliffs","Matrix","2021",0.583271645085128,159,0.211636736650313,39,134,200,66
"209","Black Cliffs","Matrix","2022",0.581837766552665,173,0.231649510327908,40.8,132,216,84
"210","Black Cliffs","Matrix","2023",0.571856261444409,164,0.170244843861379,34.8,136,208,73
"211","Gun Shot","Spring","2018",0.636470066163739,156,0.206632554003137,37,128,233,105
"212","Gun Shot","Spring","2019",0.618476304164387,162,0.10594905599715,37,131,221,90
"213","Gun Shot","Spring","2020",0.641897400408295,157,0.230443827990754,53.7142857142857,120,243,124
"214","Gun Shot","Spring","2021",0.67617142536494,157,0.253955839397028,39,135,239,104
"215","Gun Shot","Spring","2022",0.65846672535432,166,0.301695011858311,40.8,130,269,139
"216","Gun Shot","Spring","2023",0.666435565159966,160,0.23869031607521,34.6,132,243,111
"217","Gun Shot","Matrix","2018",0.576377814634963,147,0.190783393192512,37,124,207,84
"218","Gun Shot","Matrix","2019",0.553320399353777,154,0.131607380701971,37,126,213,88
"219","Gun Shot","Matrix","2020",0.581174818818901,174,0.204111342604561,37.6,121,235,114
"220","Gun Shot","Matrix","2021",0.600674720104512,157,0.197743980456849,39,137,181,43
"221","Gun Shot","Matrix","2022",0.610504617339187,166,0.272973890990968,40.8,130,214,84
"222","Gun Shot","Matrix","2023",0.613344182110931,163,0.190068922368847,34.6,135,216,81
"223","Dunce_9","Spring","2017",0.63278767970453,186,0.206085532903247,40.8,129,223,94
"224","Dunce_9","Spring","2018",0.65188630397202,163,0.206709895559655,36.6,135,259,124
"225","Dunce_9","Spring","2019",0.644474704718305,160,0.141660339267353,37,136,262,126
"226","Dunce_9","Spring","2020",0.655997681383172,166,0.19598223081766,39.7485714285714,137,258,121
"227","Dunce_9","Spring","2021",0.638279917867597,165,0.213943977797654,39,133,263,130
"228","Dunce_9","Spring","2022",0.661476300494145,196,0.290376965466092,40.8,139,285,146
"229","Dunce_9","Spring","2023",0.687042001399797,167,0.219912506920926,53.6914285714286,140,229,89
"230","Dunce_9","Matrix","2017",0.520120836868455,183,0.124850563216904,57.12,108,213,105
"231","Dunce_9","Matrix","2018",0.496579110856528,172,0.0398052679577456,36.6,124,228,105
"232","Dunce_9","Matrix","2019",0.534823483688942,115,0.0559686891615763,37,115,195,80
"233","Dunce_9","Matrix","2020",0.519602713734076,167,0.0839116863521752,37.6,129,235,105
"234","Dunce_9","Matrix","2021",0.469976615851147,156,0.0401634744615303,39,97,234,137
"235","Dunce_9","Matrix","2022",0.474599625732443,185,0.0606000834356685,40.8,136,238,103
"236","Dunce_9","Matrix","2023",0.498645029463719,120,0.0721754987376465,34.8,120,213,93
"237","Wolf Skat","Spring","2017",0.642678701424382,162,0.22863604492415,40.8,114,222,108
"238","Wolf Skat","Spring","2018",0.64259686301967,157,0.218139721356051,37,129,228,99
"239","Wolf Skat","Spring","2019",0.631999701793282,167,0.125965890270675,37,128,223,95
"240","Wolf Skat","Spring","2020",0.65622804068357,155,0.233159641748356,55.8628571428572,121,240,119
"241","Wolf Skat","Spring","2021",0.676397079139069,157,0.244063623248203,39,132,227,96
"242","Wolf Skat","Spring","2022",0.692615188656881,165,0.301998938805434,40.8,127,215,87
"243","Wolf Skat","Spring","2023",0.670859909048884,160,0.227745130981792,34.6,131,220,89
"244","Wolf Skat","Matrix","2017",0.55470110052263,157,0.199839334900351,40.8,109,214,105
"245","Wolf Skat","Matrix","2018",0.561635422467778,151,0.176803196155659,37,125,209,85
"246","Wolf Skat","Matrix","2019",0.554922353168928,154,0.153564333421647,37,122,207,85
"247","Wolf Skat","Matrix","2020",0.568307712548459,164,0.170518116810741,37.6,120,226,106
"248","Wolf Skat","Matrix","2021",0.555719647591532,157,0.187176700514188,39,132,178,47
"249","Wolf Skat","Matrix","2022",0.583941015367455,164,0.236121833368754,40.8,127,203,76
"250","Wolf Skat","Matrix","2023",0.58097151614406,161,0.168692930602291,34.6,133,206,73
"251","Soldier Bar","Spring","2017",0.659225839023573,190,0.189566359234086,40.8,141,235,94
"252","Soldier Bar","Spring","2018",0.67865070204068,163,0.188549750389687,36.6,132,255,123
"253","Soldier Bar","Spring","2019",0.710296428035932,152,0.136181890662449,37,127,240,113
"254","Soldier Bar","Spring","2020",0.69336570744731,152,0.203997825483537,65.5314285714286,130,260,130
"255","Soldier Bar","Spring","2021",0.765254184162364,155,0.270883706739358,39,134,241,107
"256","Soldier Bar","Spring","2022",0.7208558534238,187,0.266352908256623,40.8,136,274,139
"257","Soldier Bar","Spring","2023",0.727633008250405,197,0.201286776735839,44.7428571428571,135,271,136
"258","Soldier Bar","Matrix","2017",0.56719843001093,185,0.153651478201603,40.8,122,220,98
"259","Soldier Bar","Matrix","2018",0.60292320822461,145,0.154881611437075,36.6,125,206,82
"260","Soldier Bar","Matrix","2019",0.612737969094957,163,0.137803984884253,37,123,202,78
"261","Soldier Bar","Matrix","2020",0.605365519470389,154,0.147510935001031,37.6,130,204,74
"262","Soldier Bar","Matrix","2021",0.636737224444627,155,0.174390811163311,39,133,183,50
"263","Soldier Bar","Matrix","2022",0.607975327377958,168,0.16185453021463,40.8,130,209,79
"264","Soldier Bar","Matrix","2023",0.616336696510102,172,0.16159111144556,34.8,131,217,87
"265","Big Joe","Spring","2017",0.69947340062716,178,0.279746012516504,40.8,145,242,97
"266","Big Joe","Spring","2018",0.697637803367529,166,0.25282959665787,45.76,135,247,112
"267","Big Joe","Spring","2019",0.688073483369363,197,0.224072157614567,37,149,256,107
"268","Big Joe","Spring","2020",0.70943656831233,192,0.248561554614746,37.6,140,258,118
"269","Big Joe","Spring","2021",0.746668233803862,164,0.336770226300622,39,139,259,119
"270","Big Joe","Spring","2022",0.765450455059024,187,0.35986473925326,40.8,137,274,138
"271","Big Joe","Spring","2023",0.766714689627484,169,0.274063968820542,38.5542857142857,140,255,116
"272","Big Joe","Matrix","2017",0.594080084984892,179,0.177289264076441,40.8,139,223,84
"273","Big Joe","Matrix","2018",0.603558338206364,161,0.182828956847939,37,130,230,99
"274","Big Joe","Matrix","2019",0.589237078827352,187,0.170121550840881,37,134,239,105
"275","Big Joe","Matrix","2020",0.619835933045782,174,0.176260795744786,37.6,137,236,99
"276","Big Joe","Matrix","2021",0.661405584535418,162,0.238903021954152,39,139,214,75
"277","Big Joe","Matrix","2022",0.661921812182138,180,0.266292370184089,40.8,134,227,92
"278","Big Joe","Matrix","2023",0.661201510202023,172,0.218323179754404,34.6,138,232,94
"279","Raspberry","Spring","2017",0.636407110847002,153,0.159701937458322,40.8,116,218,101
"280","Raspberry","Spring","2018",0.651005027656334,153,0.154932972490691,36.6,127,209,83
"281","Raspberry","Spring","2019",0.624553692398505,115,0.0488154449808407,37,115,210,95
"282","Raspberry","Spring","2020",0.642514135941381,171,0.127122025934651,37.6,128,238,110
"283","Raspberry","Spring","2021",0.712956440907462,163,0.17214547778152,39,136,182,46
"284","Raspberry","Spring","2022",0.724066089024743,182,0.198432571137621,40.8,137,209,72
"285","Raspberry","Spring","2023",0.732678614058304,155,0.156376168257079,52.6971428571428,120,214,94
"286","Raspberry","Matrix","2017",0.561222293929967,142,0.214443474918747,40.8,104,197,92
"287","Raspberry","Matrix","2018",0.547480568189754,145,0.21072902889021,36.6,118,195,76
"288","Raspberry","Matrix","2019",0.513465589544253,115,0.142453429372555,37,115,191,76
"289","Raspberry","Matrix","2020",0.567371535354015,154,0.230265185025643,37.6,123,210,87
"290","Raspberry","Matrix","2021",0.494343421404287,154,0.190653229052954,39,125,176,51
"291","Raspberry","Matrix","2022",0.569777889208301,161,0.239789448144281,40.8,123,195,72
"292","Raspberry","Matrix","2023",0.604104551204378,155,0.195086150059792,34.8,127,201,74
"293","Drinking Bull Snake","Spring","2017",0.688594002861078,152,0.206163805787542,40.8,118,218,99
"294","Drinking Bull Snake","Spring","2018",0.701147441319101,160,0.196468565315662,36.6,130,207,77
"295","Drinking Bull Snake","Spring","2019",0.706829402753122,175,0.117458784877617,37,129,227,98
"296","Drinking Bull Snake","Spring","2020",0.711818666308807,158,0.205770991195695,42.9714285714286,130,247,117
"297","Drinking Bull Snake","Spring","2021",0.790641319698354,154,0.255623915637808,39,135,188,53
"298","Drinking Bull Snake","Spring","2022",0.77609303197757,176,0.290294664518021,40.8,133,274,141
"299","Drinking Bull Snake","Spring","2023",0.784455570918474,158,0.204582611821832,48.72,131,230,99
"300","Drinking Bull Snake","Matrix","2017",0.556818576033333,145,0.201802584060963,40.8,101,205,104
"301","Drinking Bull Snake","Matrix","2018",0.559800959087539,148,0.170299356797728,36.6,124,194,70
"302","Drinking Bull Snake","Matrix","2019",0.55146131160321,156,0.152615252351571,37,115,195,80
"303","Drinking Bull Snake","Matrix","2020",0.559245378423477,161,0.182241399432016,37.6,128,214,86
"304","Drinking Bull Snake","Matrix","2021",0.537424281317178,154,0.151230200521309,39,132,177,46
"305","Drinking Bull Snake","Matrix","2022",0.564345505259802,167,0.230748215368132,40.8,125,204,79
"306","Drinking Bull Snake","Matrix","2023",0.589399795759878,160,0.175764214569063,34.8,120,208,88
"307","Snail","Spring","2017",0.666406268011602,149,0.194734094016229,40.8,116,216,100
"308","Snail","Spring","2018",0.675807712340163,156,0.172330982793078,36.6,129,205,76
"309","Snail","Spring","2020",0.673077186176384,163,0.173588235868582,37.6,131,245,114
"310","Snail","Spring","2021",0.752247153362832,154,0.227320322793157,39,135,187,52
"311","Snail","Spring","2022",0.736695925780336,175,0.253854188341872,40.8,132,271,139
"312","Snail","Spring","2023",0.749120325653625,158,0.197469224792614,34.8,128,230,102
"313","Snail","Matrix","2017",0.565297762686705,146,0.201948476471505,40.8,103,207,104
"314","Snail","Matrix","2018",0.573388943379789,147,0.17551446632215,36.6,125,198,73
"315","Snail","Matrix","2020",0.573601463863264,157,0.187942178118242,37.6,128,222,93
"316","Snail","Matrix","2021",0.568184491594716,154,0.171586451241137,39,134,176,42
"317","Snail","Matrix","2022",0.569077233331021,168,0.227643101648974,40.8,126,204,78
"318","Snail","Matrix","2023",0.595857870495634,162,0.170425080653742,34.8,125,207,82
"319","Mountain Alder","Spring","2017",0.6740634189016,199,0.199932183026963,40.8,149,234,85
"320","Mountain Alder","Spring","2018",0.662721796427695,187,0.21099483205611,36.4,142,253,111
"321","Mountain Alder","Spring","2019",0.693291363697217,196,0.237136263776579,37,148,259,111
"322","Mountain Alder","Spring","2020",0.691149874184452,200,0.255436769230741,37.6,145,266,120
"323","Mountain Alder","Spring","2021",0.744768646494723,173,0.374950616294615,39,142,271,129
"324","Mountain Alder","Spring","2022",0.754055972565049,190,0.398968198552772,40.8,138,277,139
"325","Mountain Alder","Spring","2023",0.755785120351255,193,0.264317039359614,34.6,147,261,115
"326","Mountain Alder","Matrix","2017",0.620795880005464,185,0.176237428217358,40.8,136,227,91
"327","Mountain Alder","Matrix","2018",0.630159013634467,183,0.180972875038621,36.4,131,237,106
"328","Mountain Alder","Matrix","2019",0.649740590975607,184,0.238293689996208,37,141,253,112
"329","Mountain Alder","Matrix","2020",0.654236303752319,198,0.193614163038837,42.9714285714286,142,252,110
"330","Mountain Alder","Matrix","2021",0.690285098204541,165,0.281915571965941,39,139,227,88
"331","Mountain Alder","Matrix","2022",0.717164671978134,181,0.342090464945673,40.8,134,234,99
"332","Mountain Alder","Matrix","2023",0.719323733743058,195,0.232260134619342,39.5428571428571,142,251,110
"333","Hole","Spring","2017",0.676599923718984,151,0.199499952219495,43.1314285714286,120,220,100
"334","Hole","Spring","2018",0.682364421711723,157,0.18897190020662,36.6,132,218,86
"335","Hole","Spring","2019",0.662614053118285,184,0.0897946881517495,37,130,237,107
"336","Hole","Spring","2020",0.691043159421251,154,0.165459339417035,58.0114285714286,132,215,83
"337","Hole","Spring","2021",0.738955979993556,158,0.241304710714408,39,135,193,58
"338","Hole","Spring","2022",0.754242494690276,182,0.26155784031942,40.8,137,222,85
"339","Hole","Spring","2023",0.758986303608207,160,0.170152746238756,45.7371428571428,135,226,91
"340","Hole","Matrix","2017",0.583582931714014,150,0.210022806434263,40.8,110,211,100
"341","Hole","Matrix","2018",0.57974300507577,148,0.193924730227818,36.6,124,203,79
"342","Hole","Matrix","2019",0.551172861080077,163,0.143606955945753,37,115,207,92
"343","Hole","Matrix","2020",0.592430825481653,158,0.204538712758741,37.6,127,218,91
"344","Hole","Matrix","2021",0.588519507181494,155,0.202969906625904,39,133,178,46
"345","Hole","Matrix","2022",0.621772372246747,175,0.268836797956626,40.8,129,203,75
"346","Hole","Matrix","2023",0.654441848066018,160,0.212173993954639,34.8,130,213,84
"347","Nervous Grouse","Spring","2017",0.643140944185463,157,0.171006616939274,40.8,118,219,100
"348","Nervous Grouse","Spring","2018",0.656140286137766,161,0.154926823838483,36.6,132,214,83
"349","Nervous Grouse","Spring","2019",0.650053112144858,181,0.0666700564922728,37,141,223,81
"350","Nervous Grouse","Spring","2020",0.675975923821622,195,0.128602132431011,50.4914285714286,132,224,91
"351","Nervous Grouse","Spring","2021",0.72788503074637,159,0.18332834953916,39,137,185,48
"352","Nervous Grouse","Spring","2022",0.745686869310886,185,0.197278595262822,40.8,141,211,70
"353","Nervous Grouse","Spring","2023",0.751303049292776,174,0.141616771577291,34.8,124,223,99
"354","Nervous Grouse","Matrix","2017",0.572813346994607,157,0.18947361549253,40.8,116,214,98
"355","Nervous Grouse","Matrix","2018",0.5774325282558,152,0.202291974045234,36.6,127,208,82
"356","Nervous Grouse","Matrix","2019",0.536769565723698,174,0.140038282924167,37,127,210,84
"357","Nervous Grouse","Matrix","2020",0.580319144177443,165,0.182901795960159,37.6,132,224,91
"358","Nervous Grouse","Matrix","2021",0.567564346852441,157,0.19674802205722,39,135,181,46
"359","Nervous Grouse","Matrix","2022",0.59970440591928,180,0.224288734706458,40.8,136,207,71
"360","Nervous Grouse","Matrix","2023",0.643781762118095,161,0.193691410410117,42.7542857142857,134,218,85
"361","Artemis","Spring","2017",0.661450618674155,172,0.266510615220205,40.8,142,223,82
"362","Artemis","Spring","2018",0.66417113243414,171,0.289229431303031,36.6,141,239,97
"363","Artemis","Spring","2019",0.632875818955081,189,0.248752397136763,37,144,250,107
"364","Artemis","Spring","2020",0.619084538162125,185,0.23532420345835,37.6,146,216,70
"365","Artemis","Spring","2021",0.640165610555834,172,0.301557335897015,39,146,253,107
"366","Artemis","Spring","2022",0.685940108700586,189,0.337464081636662,40.8,150,253,104
"367","Artemis","Spring","2023",0.674927081905685,174,0.260622865392352,34.8,144,237,93
"368","Artemis","Matrix","2017",0.485775879399161,172,0.182287287297408,40.8,141,219,78
"369","Artemis","Matrix","2018",0.469165838128021,174,0.185431247866833,36.6,137,237,100
"370","Artemis","Matrix","2019",0.46224923482139,174,0.180792607002317,37,136,233,97
"371","Artemis","Matrix","2020",0.464649810928378,182,0.184673725154672,37.6,140,229,89
"372","Artemis","Matrix","2021",0.45138703792053,173,0.203260277851155,39,143,247,105
"373","Artemis","Matrix","2022",0.492110817654724,188,0.220688087096069,40.8,148,222,73
"374","Artemis","Matrix","2023",0.48793384916478,176,0.188761036438916,34.8,144,223,80
"375","Complex 2","Spring","2017",0.627116085105926,174,0.246832220410441,40.8,135,239,104
"376","Complex 2","Spring","2018",0.630998675256446,166,0.249104557330816,36.6,135,253,118
"377","Complex 2","Spring","2019",0.626894520543521,177,0.197326387088676,37,142,258,115
"378","Complex 2","Spring","2020",0.629243279461709,181,0.233117706982373,37.6,139,260,121
"379","Complex 2","Spring","2021",0.635079939607944,169,0.278620730353716,39,136,264,128
"380","Complex 2","Spring","2022",0.658524709484692,187,0.298322911438129,40.8,137,273,136
"381","Complex 2","Spring","2023",0.683448405705587,162,0.25327444123966,36.7885714285715,138,266,128
"382","Complex 2","Matrix","2017",0.491005426374906,165,0.174235358911269,40.8,122,209,87
"383","Complex 2","Matrix","2018",0.497363621167155,157,0.196252333356747,36.6,127,211,85
"384","Complex 2","Matrix","2019",0.48050686142,165,0.149346063267106,37,137,207,70
"385","Complex 2","Matrix","2020",0.492131902787955,171,0.190377625373871,37.6,135,221,86
"386","Complex 2","Matrix","2021",0.456925678443838,162,0.16826609532899,39,130,230,99
"387","Complex 2","Matrix","2022",0.504824582369807,172,0.190768136694452,40.8,131,211,80
"388","Complex 2","Matrix","2023",0.526751507662499,170,0.180594317144268,34.8,139,202,63
"389","Complex 3","Spring","2017",0.631430351010513,178,0.24300569904036,40.8,134,243,110
"390","Complex 3","Spring","2018",0.642299277442326,168,0.256118816157846,36.6,136,252,116
"391","Complex 3","Spring","2019",0.638802548224894,177,0.203441942868657,37,141,256,114
"392","Complex 3","Spring","2020",0.63611006085971,187,0.240423954405666,37.6,139,260,121
"393","Complex 3","Spring","2021",0.646897082669427,169,0.286577992488533,39,138,262,124
"394","Complex 3","Spring","2022",0.673681394006836,187,0.31518488216278,40.8,137,272,135
"395","Complex 3","Spring","2023",0.690624454913059,161,0.267800029640571,39.7714285714285,137,268,131
"396","Complex 3","Matrix","2017",0.5256555544264,169,0.175452379804647,40.8,127,214,87
"397","Complex 3","Matrix","2018",0.552052855901347,161,0.22065608812324,36.6,132,212,81
"398","Complex 3","Matrix","2019",0.526348671904357,170,0.180371648579291,37,133,219,86
"399","Complex 3","Matrix","2020",0.540789262026103,173,0.196849876570192,37.6,137,232,96
"400","Complex 3","Matrix","2021",0.51968632180938,163,0.201780237115025,39,137,207,70
"401","Complex 3","Matrix","2022",0.550881323812568,175,0.215607535263359,40.8,132,218,86
"402","Complex 3","Matrix","2023",0.587884917886498,172,0.20238226860383,34.8,141,210,70
"403","Heleport","Spring","2017",0.682302714396515,190,0.304814327131036,40.8,142,256,114
"404","Heleport","Spring","2018",0.682901749889677,181,0.270742753125628,36.6,142,253,111
"405","Heleport","Spring","2019",0.676670410802048,182,0.265614429105032,37,147,260,113
"406","Heleport","Spring","2020",0.678126741411583,202,0.240588628493459,37.4,146,261,114
"407","Heleport","Spring","2021",0.714584170045315,173,0.37706880814756,62.4,145,263,118
"408","Heleport","Spring","2022",0.742196304005157,193,0.468425986718854,40.8,144,277,133
"409","Heleport","Spring","2023",0.766956482670909,212,0.311244683950379,46.7314285714286,152,228,77
"410","Heleport","Matrix","2017",0.566974345761059,181,0.233021261420655,40.8,134,246,112
"411","Heleport","Matrix","2018",0.580669811879709,167,0.18604817434724,36.6,138,236,98
"412","Heleport","Matrix","2019",0.572564262972822,166,0.248293780324136,37,138,258,119
"413","Heleport","Matrix","2020",0.562016692708324,201,0.197266660201326,60.9085714285714,141,264,123
"414","Heleport","Matrix","2021",0.581620660317362,171,0.280768374443178,39,133,271,138
"415","Heleport","Matrix","2022",0.61748879198313,186,0.425134053189084,40.8,136,293,157
"416","Heleport","Matrix","2023",0.65638228566475,167,0.256049925368911,56.6742857142857,147,228,82
"417","East Pioneer","Spring","2017",0.625548408691389,184,0.184848896368572,40.8,136,239,103
"418","East Pioneer","Spring","2018",0.638775549014872,168,0.208285847789074,36.6,135,256,121
"419","East Pioneer","Spring","2019",0.639755472316354,179,0.191816896363382,37,140,255,114
"420","East Pioneer","Spring","2020",0.611571635378372,197,0.154220147291753,51.2914285714286,143,266,123
"421","East Pioneer","Spring","2021",0.650629761231492,174,0.267014152143402,39,142,254,113
"422","East Pioneer","Spring","2022",0.688145354285036,189,0.301366952400521,40.8,143,273,131
"423","East Pioneer","Spring","2023",0.663525490534167,179,0.200252046088675,34.8,145,255,110
"424","East Pioneer","Matrix","2017",0.462973862554417,166,0.174728656001845,40.8,123,213,90
"425","East Pioneer","Matrix","2018",0.474464392451478,157,0.191100746567263,36.6,128,205,77
"426","East Pioneer","Matrix","2019",0.463282659296612,166,0.187781434809882,37,133,206,73
"427","East Pioneer","Matrix","2020",0.459023982237245,176,0.184035031981217,37.4,138,220,82
"428","East Pioneer","Matrix","2021",0.403202430088796,167,0.153957503246152,39,136,226,90
"429","East Pioneer","Matrix","2022",0.473036702099541,182,0.197700090414955,40.8,139,203,64
"430","East Pioneer","Matrix","2023",0.487636031203824,177,0.192617288363025,34.8,144,209,66
"431","Salix","Spring","2017",0.710031092708836,185,0.260426030907063,40.8,142,239,97
"432","Salix","Spring","2018",0.699028616489009,176,0.267509024945448,36.6,136,258,122
"433","Salix","Spring","2019",0.71440168745086,202,0.226219297296633,41.2285714285714,149,264,115
"434","Salix","Spring","2020",0.688002073598948,205,0.246735401085287,37.4,145,272,127
"435","Salix","Spring","2021",0.749922201992668,178,0.331427451056162,39,144,265,121
"436","Salix","Spring","2022",0.777806980919319,192,0.359087348855955,40.8,146,269,122
"437","Salix","Spring","2023",0.747689615561697,186,0.284816332974248,34.8,139,240,101
"438","Salix","Matrix","2017",0.575508728772018,169,0.173896181603058,40.8,123,214,91
"439","Salix","Matrix","2018",0.592934109176727,156,0.208609286443066,36.6,131,213,83
"440","Salix","Matrix","2019",0.562225067140612,170,0.184966735014005,37,128,225,97
"441","Salix","Matrix","2020",0.563467167285412,159,0.17125560912941,54.4971428571428,136,227,92
"442","Salix","Matrix","2021",0.560069007352805,168,0.195690028048589,39,133,224,91
"443","Salix","Matrix","2022",0.605694249161181,175,0.226283361208845,40.8,132,221,89
"444","Salix","Matrix","2023",0.614733347979747,171,0.201912175211592,34.8,137,228,91
"445","North Pioneer","Spring","2017",0.728680208367267,191,0.278364066037741,40.8,148,254,106
"446","North Pioneer","Spring","2018",0.711548550135979,186,0.264372230268354,36.6,142,258,116
"447","North Pioneer","Spring","2019",0.750906694740604,204,0.229684725063972,47.5714285714286,152,259,107
"448","North Pioneer","Spring","2020",0.72488840379212,196,0.229577335468403,64.1142857142857,154,265,111
"449","North Pioneer","Spring","2021",0.774788838955353,171,0.362093596393535,39,142,269,127
"450","North Pioneer","Spring","2022",0.791612033359075,194,0.449153311932954,40.8,144,280,136
"451","North Pioneer","Spring","2023",0.775192471542848,201,0.280373056236612,34.8,148,270,122
"452","North Pioneer","Matrix","2017",0.595920526201426,184,0.178485011044937,40.8,138,228,90
"453","North Pioneer","Matrix","2018",0.615262952649108,168,0.221656733031018,36.6,132,231,99
"454","North Pioneer","Matrix","2019",0.61209896932581,167,0.21931328694314,47.5714285714286,142,219,76
"455","North Pioneer","Matrix","2020",0.610145717226542,196,0.165245720399427,37.4,149,241,92
"456","North Pioneer","Matrix","2021",0.642438305335562,167,0.251796851340554,39,139,225,86
"457","North Pioneer","Matrix","2022",0.651356433269314,187,0.323717258243481,40.8,137,260,124
"458","North Pioneer","Matrix","2023",0.670322922136711,187,0.186766281919001,34.8,152,233,82
"459","Cave","Spring","2017",0.682798513494964,187,0.309057386862822,40.8,143,262,119
"460","Cave","Spring","2018",0.667696275490294,183,0.278775131710943,36.6,141,256,115
"461","Cave","Spring","2019",0.6805880289924,201,0.265793011000454,41.2285714285714,149,259,110
"462","Cave","Spring","2020",0.666215330930306,195,0.249262223349577,37.4,145,262,116
"463","Cave","Spring","2021",0.691322710999223,171,0.371231932104831,39,140,265,125
"464","Cave","Spring","2022",0.703510009931915,193,0.45965762359716,40.8,145,281,136
"465","Cave","Spring","2023",0.699673761976477,192,0.272163263490246,34.6,155,249,94
"466","Cave","Matrix","2017",0.518269754278461,173,0.230724912967011,40.8,135,255,120
"467","Cave","Matrix","2018",0.527903426199952,163,0.192189230486117,36.6,140,242,101
"468","Cave","Matrix","2019",0.522689611731674,167,0.254572645928696,37,137,261,124
"469","Cave","Matrix","2020",0.498738305501246,195,0.188727281232041,52.36,141,267,126
"470","Cave","Matrix","2021",0.527599257309045,167,0.337745532502441,39,134,291,157
"471","Cave","Matrix","2022",0.52630401922324,186,0.372579567366509,40.8,136,293,157
"472","Cave","Matrix","2023",0.532939559500296,184,0.194464809773746,34.6,150,242,92
"473","Aspens","Spring","2017",0.686997399222741,193,0.304132791878294,40.8,141,267,126
"474","Aspens","Spring","2018",0.705394108072132,185,0.283289028941451,36.6,143,260,117
"475","Aspens","Spring","2019",0.690951357851545,185,0.248104034540955,37,147,264,117
"476","Aspens","Spring","2020",0.703048745281089,202,0.283990279587315,56.6342857142857,149,265,115
"477","Aspens","Spring","2021",0.70413444408314,217,0.413155570770973,39,137,278,140
"478","Aspens","Spring","2022",0.75256655366523,194,0.510404870377256,53.6228571428571,144,277,133
"479","Aspens","Spring","2023",0.721573892802847,187,0.322177001801846,34.6,145,270,126
"480","Aspens","Matrix","2017",0.460988270666139,170,0.153644110931657,40.8,125,229,104
"481","Aspens","Matrix","2018",0.493512916921672,161,0.187465924904414,36.6,132,224,92
"482","Aspens","Matrix","2019",0.479289715941183,169,0.163194790155741,37,137,202,64
"483","Aspens","Matrix","2020",0.475251930811316,169,0.174116015656022,37.4,138,234,96
"484","Aspens","Matrix","2021",0.435283531628146,169,0.161434017613564,39,134,251,117
"485","Aspens","Matrix","2022",0.471344370137916,175,0.212832664677304,40.8,132,253,121
"486","Aspens","Matrix","2023",0.512977449090504,168,0.176649819114917,34.6,142,204,62
"487","Bog","Spring","2017",0.692935745631216,207,0.715555207362565,40.8,156,276,120
"488","Bog","Spring","2018",0.656684376338689,200,0.495047955406641,37.2,149,295,146
"489","Bog","Spring","2019",0.667806592245969,219,0.555553764722594,37,156,270,114
"490","Bog","Spring","2020",0.647530443118791,220,0.549961926636057,37.4,164,298,134
"491","Bog","Spring","2021",0.702737771143962,201,0.641472368887897,36,149,277,128
"492","Bog","Spring","2022",0.713364621180945,214,0.694708634729675,40.8,171,293,122
"493","Bog","Spring","2023",0.711888328250831,212,0.544453698186748,34.6,162,293,131
"494","Bog","Matrix","2017",0.479894813007045,215,0.527460924242994,58.2857142857143,153,276,122
"495","Bog","Matrix","2018",0.466179893132862,181,0.339520232595465,44.64,144,295,151
"496","Bog","Matrix","2019",0.492226285060562,201,0.432205531533949,68.7142857142857,148,271,124
"497","Bog","Matrix","2020",0.46015895512755,216,0.375169711526959,37.4,160,299,139
"498","Bog","Matrix","2021",0.468189288068769,204,0.475045868527745,39,147,292,145
"499","Bog","Matrix","2022",0.455558301312959,201,0.411667889371125,40.8,162,293,131
"500","Bog","Matrix","2023",0.467105322187317,211,0.34962154361792,34.6,156,293,137
"501","Picea","Spring","2017",0.710497500080011,202,0.740246304318258,40.8,157,276,119
"502","Picea","Spring","2018",0.687297130309261,205,0.536072093711125,37.2,149,295,146
"503","Picea","Spring","2019",0.720933956997976,202,0.617272076145391,61.3142857142857,153,269,116
"504","Picea","Spring","2020",0.672880539730362,220,0.597086447619993,37.4,165,296,130
"505","Picea","Spring","2021",0.722084713262962,198,0.710915864139608,39,150,292,142
"506","Picea","Spring","2022",0.724105925862511,217,0.711676826768813,40.8,171,293,122
"507","Picea","Spring","2023",0.723942789337377,211,0.572772879697443,34.6,162,293,131
"508","Picea","Matrix","2017",0.564549141980647,202,0.595328826245559,40.8,157,276,119
"509","Picea","Matrix","2018",0.538002796221726,206,0.402661801621244,37.2,146,295,149
"510","Picea","Matrix","2019",0.562622718999806,201,0.481200995192429,66.6,152,271,119
"511","Picea","Matrix","2020",0.509048417781951,221,0.375540066292037,34.8,170,299,129
"512","Picea","Matrix","2021",0.531148798050371,205,0.53021460760542,39,148,292,144
"513","Picea","Matrix","2022",0.518468730990599,202,0.456544863143326,40.8,165,293,128
"514","Picea","Matrix","2023",0.525308020843752,210,0.383949282673431,34.6,158,293,135
"515","Calf","Spring","2017",0.601908364774773,205,0.350708326421117,40.8,144,268,124
"516","Calf","Spring","2018",0.61184190893242,184,0.388113737733194,37,144,284,141
"517","Calf","Spring","2019",0.625350840457053,197,0.329436328933728,37,147,263,116
"518","Calf","Spring","2020",0.62474666853872,212,0.34292229413909,37.4,159,275,116
"519","Calf","Spring","2021",0.612509332379593,198,0.33154133054351,39,150,252,101
"520","Calf","Spring","2022",0.615486953210435,199,0.439326464305153,40.8,153,293,140
"521","Calf","Spring","2023",0.647021607723665,207,0.332472294653452,34.6,151,277,127
"522","Calf","Matrix","2017",0.516981704432909,193,0.280626654042669,40.8,138,258,120
"523","Calf","Matrix","2018",0.552125802984811,176,0.302059437093691,37,143,253,110
"524","Calf","Matrix","2019",0.510036419989815,193,0.238010269337037,37,139,251,112
"525","Calf","Matrix","2020",0.530415953248315,203,0.285282292418976,37.4,159,264,105
"526","Calf","Matrix","2021",0.511928487292934,198,0.233032110584829,39,155,228,74
"527","Calf","Matrix","2022",0.462777971890699,194,0.25026634047409,40.8,150,287,138
"528","Calf","Matrix","2023",0.54601085556634,174,0.24376034617645,34.6,148,263,116
"529","Big Slump","Spring","2017",0.67517727560237,192,0.412078854909551,66.4457142857143,144,282,138
"530","Big Slump","Spring","2018",0.670037146129745,220,0.365652239594254,37,144,294,150
"531","Big Slump","Spring","2019",0.697621863371827,213,0.327601176731246,37,154,268,114
"532","Big Slump","Spring","2020",0.684991780868238,224,0.366144230909174,37.6,160,299,139
"533","Big Slump","Spring","2021",0.708864138146271,194,0.406421591975402,39,142,292,150
"534","Big Slump","Spring","2022",0.731506648263948,222,0.504405345246557,40.8,152,293,141
"535","Big Slump","Spring","2023",0.726593200025216,215,0.370550101168843,34.6,156,293,137
"536","Big Slump","Matrix","2017",0.473353328079885,190,0.294062986769787,40.8,136,281,145
"537","Big Slump","Matrix","2018",0.470268633323654,221,0.236698340140254,71.8857142857143,139,294,155
"538","Big Slump","Matrix","2019",0.478997113044943,204,0.221738642646248,37,148,262,114
"539","Big Slump","Matrix","2020",0.483759776173258,208,0.237194844568018,37.6,172,290,118
"540","Big Slump","Matrix","2021",0.487987779268046,210,0.272613153680407,39,134,292,158
"541","Big Slump","Matrix","2022",0.476853384479907,209,0.339915940845001,40.8,140,293,153
"542","Big Slump","Matrix","2023",0.488769837541774,214,0.239397457367657,34.6,149,293,144
"543","Lobauer","Spring","2017",0.707099305104074,183,0.219269520391831,40.8,118,228,110
"544","Lobauer","Spring","2018",0.697986323079402,163,0.198351693316239,37,133,255,122
"545","Lobauer","Spring","2019",0.706416407433529,177,0.0856365957536305,37,134,237,103
"546","Lobauer","Spring","2020",0.717829697707348,153,0.162621192422676,60.16,124,215,91
"547","Lobauer","Spring","2021",0.774023719186642,157,0.239735432002469,39,137,237,100
"548","Lobauer","Spring","2022",0.77217470681306,167,0.319264356868496,50.1257142857143,130,280,150
"549","Lobauer","Spring","2023",0.734404839174289,193,0.141620118990344,35.5885714285714,139,236,97
"550","Lobauer","Matrix","2017",0.45438060709236,141,0.130546464184555,40.8,95,221,126
"551","Lobauer","Matrix","2018",0.467942113264097,148,0.139767606328362,37,120,205,86
"552","Lobauer","Matrix","2019",0.467241664794043,154,0.113397788010016,58.1428571428572,115,208,93
"553","Lobauer","Matrix","2020",0.468147668592583,165,0.136338558209928,37.6,111,225,114
"554","Lobauer","Matrix","2021",0.425652837379429,147,0.0975818046128025,39,123,222,99
"555","Lobauer","Matrix","2022",0.51173638779927,157,0.184198667318934,40.8,124,186,62
"556","Lobauer","Matrix","2023",0.454224239537352,173,0.0753699698050045,34.6,136,207,71
"557","Ceanothus","Spring","2024",0.714369454534699,216,0.261395891923625,35.4,165,274,108
"558","Ceanothus","Matrix","2024",0.571624355783302,204,0.275573251623029,35.4,155,278,122
"559","Cougar_37","Spring","2024",0.762030456287786,208,0.307429986967488,35.4,165,275,109
"560","Cougar_37","Matrix","2024",0.603691410556502,213,0.165625445357446,35.4,164,270,105
"561","Goat Ridge","Spring","2024",0.753708098380596,186,0.285804448704844,35.4,158,269,110
"562","Goat Ridge","Matrix","2024",0.622279279218394,186,0.225543651340627,35.4,146,243,97
"563","Sedge","Spring","2024",0.717803050949847,211,0.243349263186126,35.4,162,267,104
"564","Sedge","Matrix","2024",0.625931400557052,210,0.133011002333247,35.4,162,263,100
"565","Cougar_39","Spring","2024",0.744324731958132,209,0.285254262417035,35.4,163,270,106
"566","Cougar_39","Matrix","2024",0.604653116752389,199,0.155064665327031,35.4,160,254,94
"567","Equisetum","Spring","2024",0.747395903939462,184,0.285272030052009,35.4,158,266,107
"568","Equisetum","Matrix","2024",0.577728209481673,183,0.183036072160976,35.4,153,227,74
"569","Charred Snag","Spring","2024",0.728230620334387,183,0.273741313451934,35.4,143,251,108
"570","Charred Snag","Matrix","2024",0.591924601242619,170,0.249058112631207,35.4,132,207,75
"571","Meadow","Spring","2024",0.707393022732124,180,0.31339201517713,63.72,145,249,104
"572","Meadow","Matrix","2024",0.511928871378795,165,0.20553602484852,35.4,135,193,58
"573","Goat_8","Spring","2024",0.689551477729264,181,0.305040381392412,35.4,147,266,118
"574","Goat_8","Matrix","2024",0.477915569138901,165,0.207110684845238,35.4,137,235,98
"575","Black Talus","Spring","2024",0.689862975194619,175,0.298415152259806,35.4,141,265,123
"576","Black Talus","Matrix","2024",0.486049794255794,166,0.199849600592887,35.4,136,221,85
"577","Wolf Skull","Spring","2024",0.729168469153919,185,0.233826085586275,40.4571428571429,162,269,106
"578","Wolf Skull","Matrix","2024",0.646607109017353,183,0.207393387708401,35.4,155,268,112
"579","West Goat","Spring","2024",0.755346497673887,172,0.309323884939392,35.4,137,268,130
"580","West Goat","Matrix","2024",0.509792333743764,162,0.213760230822833,35.4,132,216,84
"581","Dunce_4","Spring","2024",0.797910526404476,176,0.277169976097188,35.4,144,265,120
"582","Dunce_4","Matrix","2024",0.6471630586636,172,0.200745332142673,35.4,137,221,84
"583","Game Knob","Spring","2024",0.757883731967665,181,0.286254173046304,50.5714285714286,153,265,111
"584","Game Knob","Matrix","2024",0.656714839650285,179,0.218941572664218,35.4,147,235,88
"585","Black Cliffs","Spring","2024",0.666469284172242,162,0.281358295645934,35.4,128,234,106
"586","Black Cliffs","Matrix","2024",0.588621307636019,157,0.265716181158162,35.4,123,218,95
"587","Gun Shot","Spring","2024",0.663484097067796,161,0.342208227571475,35.4,123,267,144
"588","Gun Shot","Matrix","2024",0.623171534564835,160,0.296864700913108,35.4,123,208,85
"589","Dunce_9","Spring","2024",0.688161497278096,177,0.253062272437991,35.4,137,266,128
"590","Dunce_9","Matrix","2024",0.499902811055052,174,0.13406512701339,35.4,123,263,140
"591","Wolf Skat","Spring","2024",0.669007288886983,163,0.368521734926305,35.4,123,235,112
"592","Wolf Skat","Matrix","2024",0.577952901228101,156,0.294253181346675,35.4,123,197,74
"593","Soldier Bar","Spring","2024",0.744313742546538,169,0.310829083622907,35.4,123,270,147
"594","Soldier Bar","Matrix","2024",0.642669704051345,157,0.264474499749376,35.4,123,207,84
"595","Big Joe","Spring","2024",0.763979753285799,183,0.290302567602198,32.8,136,247,111
"596","Big Joe","Matrix","2024",0.656916508600932,172,0.260107691471865,32.8,136,232,96
"597","Raspberry","Spring","2024",0.738525359228399,164,0.297128680622217,35.4,123,230,107
"598","Raspberry","Matrix","2024",0.591162539747356,148,0.311137575026601,35.4,123,188,65
"599","Drinking Bull Snake","Spring","2024",0.798240795259784,165,0.34962013023132,35.4,123,267,144
"600","Drinking Bull Snake","Matrix","2024",0.610118463050231,154,0.304206883245188,35.4,123,195,72
"601","Snail","Spring","2024",0.765269217946411,162,0.337978395665665,35.4,123,264,141
"602","Snail","Matrix","2024",0.625682036274422,155,0.311057986506105,35.4,123,196,73
"603","Mountain Alder","Spring","2024",0.763604378406772,182,0.310376863171252,32.8,144,244,99
"604","Mountain Alder","Matrix","2024",0.704458345411,173,0.271977602920982,32.8,136,233,97
"605","Hole","Spring","2024",0.767873163498627,166,0.305569871962545,35.4,123,232,109
"606","Hole","Matrix","2024",0.650997382425363,160,0.327770107254688,35.4,123,198,75
"607","Nervous Grouse","Spring","2024",0.762424178641181,170,0.268009400468014,35.4,123,300,177
"608","Nervous Grouse","Matrix","2024",0.620487118110258,163,0.282078930687766,35.4,123,203,80
"609","Artemis","Spring","2024",0.651562031879091,181,0.282352029489744,32.8,142,244,102
"610","Artemis","Matrix","2024",0.448302691642811,175,0.188142516952295,32.8,143,242,98
"611","Complex 2","Spring","2024",0.681807017790818,170,0.302943742740696,32.8,136,243,107
"612","Complex 2","Matrix","2024",0.512493305272634,163,0.223620563534349,32.8,136,202,66
"613","Complex 3","Spring","2024",0.691705134814534,170,0.307282574771121,32.8,136,241,105
"614","Complex 3","Matrix","2024",0.567065304814959,164,0.238210509556201,32.8,136,209,73
"615","Heleport","Spring","2024",0.719945443694886,185,0.30190330740919,32.8,155,249,95
"616","Heleport","Matrix","2024",0.604990972327486,174,0.211094482996654,32.8,150,239,89
"617","East Pioneer","Spring","2024",0.645194778326578,193,0.187363025541287,32.8,136,248,112
"618","East Pioneer","Matrix","2024",0.451048587227355,166,0.198007256422928,32.8,139,200,61
"619","Salix","Spring","2024",0.767746529902093,177,0.325109371844902,32.8,145,239,94
"620","Salix","Matrix","2024",0.608723373964163,164,0.249073756805257,32.8,136,231,95
"621","North Pioneer","Spring","2024",0.791554553439655,184,0.307137459311366,54.3542857142857,152,246,94
"622","North Pioneer","Matrix","2024",0.652133324788197,175,0.197582304019535,32.8,148,235,87
"623","Cave","Spring","2024",0.695417818317683,188,0.254559353246171,32.8,156,250,95
"624","Cave","Matrix","2024",0.536121268198726,175,0.183188811922972,32.8,150,247,97
"625","Aspens","Spring","2024",0.750578754760355,184,0.336569667744272,54.3542857142857,150,266,116
"626","Aspens","Matrix","2024",0.471390114754669,167,0.169807293761409,32.8,136,233,97
"627","Bog","Spring","2024",0.697309278859161,207,0.443857516688181,35.4,161,278,116
"628","Bog","Matrix","2024",0.472143723934246,217,0.313770167037064,59.6742857142858,157,288,130
"629","Picea","Spring","2024",0.719777855530771,206,0.502768438405765,35.4,163,280,116
"630","Picea","Matrix","2024",0.526571563770825,204,0.36385098566518,64.7314285714286,160,292,131
"631","Calf","Spring","2024",0.608982077535098,192,0.30193837140013,35.4,156,275,118
"632","Calf","Matrix","2024",0.476860721895182,185,0.207442863728,35.4,152,267,114
"633","Big Slump","Spring","2024",0.713857904636812,214,0.272375798298289,35.4,157,279,121
"634","Big Slump","Matrix","2024",0.471367212473227,236,0.144314310473789,35.4,153,277,123
"635","Lobauer","Spring","2024",0.77375797971995,164,0.33096084936873,35.4,123,263,140
"636","Lobauer","Matrix","2024",0.462810258515584,148,0.193625743320961,35.4,123,228,105
