Date,SPEI
1/5/1980,0.32
1/10/1980,0.71
1/15/1980,0.8
1/20/1980,0.03
1/25/1980,-0.24
1/30/1980,-0.1
2/4/1980,0.17
2/9/1980,0.24
2/14/1980,0.17
2/19/1980,0.1
2/24/1980,-0.1
2/29/1980,0.03
3/5/1980,-0.24
3/10/1980,-0.24
3/15/1980,-0.1
3/20/1980,0.03
3/25/1980,0.03
3/30/1980,0.1
4/4/1980,-0.03
4/9/1980,-0.24
4/14/1980,-0.46
4/19/1980,-0.71
4/24/1980,-0.9
4/29/1980,-0.46
5/4/1980,-0.71
5/9/1980,-0.32
5/14/1980,-0.24
5/19/1980,-0.17
5/24/1980,0.1
5/29/1980,0.54
6/3/1980,0.63
6/8/1980,0.32
6/13/1980,0.54
6/18/1980,0.47
6/23/1980,0.71
6/28/1980,0.63
7/3/1980,1.01
7/8/1980,1.01
7/13/1980,2.09
7/18/1980,2.09
7/23/1980,2.09
7/28/1980,2.09
8/2/1980,2.09
8/7/1980,1.69
8/12/1980,1.69
8/17/1980,1.69
8/22/1980,1.69
8/27/1980,1.13
9/1/1980,1.13
9/6/1980,1.13
9/11/1980,1.01
9/16/1980,1.01
9/21/1980,0.8
9/26/1980,0.54
10/1/1980,0.54
10/6/1980,0.63
10/11/1980,0.1
10/16/1980,0.32
10/21/1980,0.32
10/26/1980,0.24
10/31/1980,0.03
11/5/1980,-0.03
11/10/1980,0.1
11/15/1980,-0.24
11/20/1980,-0.24
11/25/1980,-0.39
11/30/1980,-0.46
12/5/1980,-0.46
12/10/1980,-0.32
12/15/1980,-0.9
12/20/1980,-1.01
12/25/1980,-0.1
12/30/1980,-0.1
1/5/1981,-0.17
1/10/1981,-0.32
1/15/1981,-0.39
1/20/1981,-0.54
1/25/1981,0.03
1/30/1981,0.17
2/4/1981,-0.17
2/9/1981,-0.39
2/14/1981,0.39
2/19/1981,0.39
2/24/1981,0.39
3/1/1981,0.47
3/6/1981,0.24
3/11/1981,0.03
3/16/1981,0.17
3/21/1981,-0.1
3/26/1981,-0.17
3/31/1981,-0.03
4/5/1981,0.03
4/10/1981,0.17
4/15/1981,0.32
4/20/1981,0.32
4/25/1981,0.47
4/30/1981,0.32
5/5/1981,0.71
5/10/1981,0.71
5/15/1981,0.63
5/20/1981,0.39
5/25/1981,0.39
5/30/1981,0.39
6/4/1981,0.47
6/9/1981,1.13
6/14/1981,1.01
6/19/1981,2.09
6/24/1981,1.69
6/29/1981,1.28
7/4/1981,0.9
7/9/1981,1.69
7/14/1981,1.69
7/19/1981,1.69
7/24/1981,1.28
7/29/1981,1.13
8/3/1981,1.28
8/8/1981,1.28
8/13/1981,1.01
8/18/1981,0.9
8/23/1981,0.63
8/28/1981,0.9
9/2/1981,0.9
9/7/1981,0.32
9/12/1981,0.1
9/17/1981,-0.62
9/22/1981,-0.54
9/27/1981,-0.17
10/2/1981,0.17
10/7/1981,-0.03
10/12/1981,0.17
10/17/1981,0.03
10/22/1981,-0.03
10/27/1981,0.03
11/1/1981,-0.17
11/6/1981,-0.24
11/11/1981,-0.24
11/16/1981,-0.1
11/21/1981,0.17
11/26/1981,0.17
12/1/1981,0.1
12/6/1981,0.54
12/11/1981,0.54
12/16/1981,0.8
12/21/1981,1.01
12/26/1981,0.71
12/31/1981,0.63
1/5/1982,0.39
1/10/1982,-0.03
1/15/1982,0.39
1/20/1982,0.63
1/25/1982,0.71
1/30/1982,0.9
2/4/1982,1.01
2/9/1982,1.01
2/14/1982,0.8
2/19/1982,1.13
2/24/1982,1.28
3/1/1982,1.28
3/6/1982,1.13
3/11/1982,1.28
3/16/1982,1.13
3/21/1982,1.01
3/26/1982,0.71
3/31/1982,1.01
4/5/1982,0.9
4/10/1982,1.13
4/15/1982,1.13
4/20/1982,1.01
4/25/1982,0.63
4/30/1982,0.71
5/5/1982,0.63
5/10/1982,0.63
5/15/1982,0.47
5/20/1982,-0.03
5/25/1982,-0.24
5/30/1982,-0.17
6/4/1982,-0.54
6/9/1982,-0.62
6/14/1982,-0.8
6/19/1982,-0.9
6/24/1982,-0.8
6/29/1982,-0.62
7/4/1982,-0.17
7/9/1982,-0.03
7/14/1982,-0.24
7/19/1982,-0.24
7/24/1982,-0.03
7/29/1982,-0.03
8/3/1982,-0.03
8/8/1982,0.03
8/13/1982,0.32
8/18/1982,0.54
8/23/1982,0.71
8/28/1982,0.54
9/2/1982,0.71
9/7/1982,0.8
9/12/1982,1.13
9/17/1982,1.28
9/22/1982,1.28
9/27/1982,1.69
10/2/1982,1.45
10/7/1982,1.13
10/12/1982,1.01
10/17/1982,1.13
10/22/1982,1.13
10/27/1982,1.13
11/1/1982,1.13
11/6/1982,1.45
11/11/1982,0.9
11/16/1982,0.71
11/21/1982,1.13
11/26/1982,0.9
12/1/1982,0.8
12/6/1982,1.28
12/11/1982,0.71
12/16/1982,0.71
12/21/1982,1.28
12/26/1982,0.54
12/31/1982,0.1
1/5/1983,0.54
1/10/1983,0.54
1/15/1983,0.17
1/20/1983,0.1
1/25/1983,-0.17
1/30/1983,-0.46
2/4/1983,-0.32
2/9/1983,-0.03
2/14/1983,-0.03
2/19/1983,0.17
2/24/1983,0.17
3/1/1983,0.39
3/6/1983,0.47
3/11/1983,0.63
3/16/1983,0.39
3/21/1983,0.17
3/26/1983,0.17
3/31/1983,0.71
4/5/1983,0.17
4/10/1983,0.39
4/15/1983,0.39
4/20/1983,0.39
4/25/1983,0.9
4/30/1983,0.9
5/5/1983,0.9
5/10/1983,1.01
5/15/1983,1.13
5/20/1983,0.63
5/25/1983,0.47
5/30/1983,0.03
6/4/1983,-0.46
6/9/1983,-0.9
6/14/1983,-0.62
6/19/1983,-0.24
6/24/1983,-0.17
6/29/1983,-0.03
7/4/1983,0.17
7/9/1983,0.17
7/14/1983,0.47
7/19/1983,0.47
7/24/1983,0.71
7/29/1983,1.01
8/3/1983,0.9
8/8/1983,0.39
8/13/1983,0.63
8/18/1983,0.71
8/23/1983,1.13
8/28/1983,1.45
9/2/1983,1.69
9/7/1983,1.69
9/12/1983,2.09
9/17/1983,1.69
9/22/1983,2.09
9/27/1983,1.13
10/2/1983,1.01
10/7/1983,0.9
10/12/1983,0.8
10/17/1983,0.8
10/22/1983,0.8
10/27/1983,0.71
11/1/1983,0.47
11/6/1983,0.9
11/11/1983,1.01
11/16/1983,1.69
11/21/1983,2.09
11/26/1983,1.45
12/1/1983,0.9
12/6/1983,0.9
12/11/1983,1.13
12/16/1983,1.01
12/21/1983,0.8
12/26/1983,1.13
12/31/1983,1.13
1/5/1984,1.01
1/10/1984,0.8
1/15/1984,0.71
1/20/1984,0.32
1/25/1984,0.8
1/30/1984,0.8
2/4/1984,0.17
2/9/1984,-0.24
2/14/1984,-0.39
2/19/1984,-0.54
2/24/1984,-0.39
2/29/1984,-0.46
3/5/1984,-0.46
3/10/1984,-0.54
3/15/1984,-0.54
3/20/1984,-0.39
3/25/1984,-0.24
3/30/1984,-0.1
4/4/1984,-0.24
4/9/1984,-0.1
4/14/1984,0.1
4/19/1984,0.17
4/24/1984,-0.03
4/29/1984,0.1
5/4/1984,0.24
5/9/1984,0.39
5/14/1984,0.54
5/19/1984,0.71
5/24/1984,0.9
5/29/1984,1.13
6/3/1984,0.9
6/8/1984,1.28
6/13/1984,1.13
6/18/1984,0.9
6/23/1984,0.9
6/28/1984,0.8
7/3/1984,1.13
7/8/1984,0.54
7/13/1984,0.54
7/18/1984,0.39
7/23/1984,0.54
7/28/1984,0.9
8/2/1984,0.71
8/7/1984,0.71
8/12/1984,0.71
8/17/1984,0.47
8/22/1984,-0.03
8/27/1984,0.03
9/1/1984,0.63
9/6/1984,0.24
9/11/1984,0.17
9/16/1984,0.39
9/21/1984,-0.03
9/26/1984,0.39
10/1/1984,0.32
10/6/1984,0.24
10/11/1984,0.54
10/16/1984,0.63
10/21/1984,0.63
10/26/1984,0.8
10/31/1984,0.32
11/5/1984,0.63
11/10/1984,0.63
11/15/1984,0.63
11/20/1984,0.8
11/25/1984,1.13
11/30/1984,0.71
12/5/1984,0.63
12/10/1984,1.01
12/15/1984,0.9
12/20/1984,0.9
12/25/1984,0.63
12/30/1984,0.71
1/5/1985,0.71
1/10/1985,0.17
1/15/1985,-0.03
1/20/1985,0.17
1/25/1985,-0.32
1/30/1985,-0.39
2/4/1985,-0.46
2/9/1985,-0.17
2/14/1985,-0.17
2/19/1985,-0.32
2/24/1985,-0.62
3/1/1985,-0.8
3/6/1985,-0.62
3/11/1985,-1.45
3/16/1985,-1.45
3/21/1985,-1.45
3/26/1985,-1.28
3/31/1985,-1.13
4/5/1985,-1.13
4/10/1985,-1.13
4/15/1985,-1.13
4/20/1985,-1.13
4/25/1985,-0.8
4/30/1985,-0.9
5/5/1985,-1.01
5/10/1985,-1.13
5/15/1985,-1.28
5/20/1985,-1.45
5/25/1985,-1.69
5/30/1985,-1.01
6/4/1985,-1.01
6/9/1985,-0.24
6/14/1985,-0.17
6/19/1985,-0.46
6/24/1985,-0.71
6/29/1985,-1.01
7/4/1985,-1.13
7/9/1985,-1.13
7/14/1985,-0.9
7/19/1985,-0.9
7/24/1985,-1.13
7/29/1985,-1.01
8/3/1985,-0.9
8/8/1985,-0.9
8/13/1985,-0.54
8/18/1985,-0.24
8/23/1985,-0.1
8/28/1985,-0.39
9/2/1985,-0.46
9/7/1985,-0.9
9/12/1985,-0.1
9/17/1985,0.8
9/22/1985,0.9
9/27/1985,0.9
10/2/1985,1.28
10/7/1985,1.69
10/12/1985,2.09
10/17/1985,1.69
10/22/1985,2.09
10/27/1985,2.09
11/1/1985,1.69
11/6/1985,1.69
11/11/1985,1.45
11/16/1985,1.45
11/21/1985,1.69
11/26/1985,1.69
12/1/1985,1.13
12/6/1985,0.8
12/11/1985,0.63
12/16/1985,-0.46
12/21/1985,-0.8
12/26/1985,-0.8
12/31/1985,-0.9
1/5/1986,-0.8
1/10/1986,-0.9
1/15/1986,-0.9
1/20/1986,-0.62
1/25/1986,-0.9
1/30/1986,-0.62
2/4/1986,-0.54
2/9/1986,-0.62
2/14/1986,-0.46
2/19/1986,-0.03
2/24/1986,0.24
3/1/1986,0.32
3/6/1986,0.39
3/11/1986,0.47
3/16/1986,0.63
3/21/1986,0.54
3/26/1986,0.63
3/31/1986,1.13
4/5/1986,0.32
4/10/1986,0.63
4/15/1986,1.01
4/20/1986,0.9
4/25/1986,0.8
4/30/1986,0.63
5/5/1986,0.54
5/10/1986,0.24
5/15/1986,0.39
5/20/1986,0.24
5/25/1986,-0.1
5/30/1986,-0.46
6/4/1986,-0.71
6/9/1986,-1.01
6/14/1986,-1.01
6/19/1986,-1.01
6/24/1986,-1.13
6/29/1986,-1.13
7/4/1986,-0.8
7/9/1986,-0.39
7/14/1986,-0.71
7/19/1986,-0.46
7/24/1986,-0.54
7/29/1986,-0.54
8/3/1986,-0.62
8/8/1986,-0.8
8/13/1986,-1.13
8/18/1986,-1.13
8/23/1986,-1.28
8/28/1986,-1.01
9/2/1986,-0.24
9/7/1986,0.1
9/12/1986,0.32
9/17/1986,0.54
9/22/1986,0.63
9/27/1986,1.01
10/2/1986,1.69
10/7/1986,1.45
10/12/1986,1.28
10/17/1986,0.9
10/22/1986,1.01
10/27/1986,0.9
11/1/1986,1.01
11/6/1986,1.01
11/11/1986,1.28
11/16/1986,1.28
11/21/1986,1.45
11/26/1986,2.09
12/1/1986,1.01
12/6/1986,1.01
12/11/1986,0.9
12/16/1986,0.54
12/21/1986,0.24
12/26/1986,-0.17
12/31/1986,-0.8
1/5/1987,-0.9
1/10/1987,-0.8
1/15/1987,-0.62
1/20/1987,-0.71
1/25/1987,-0.71
1/30/1987,-0.9
2/4/1987,-0.8
2/9/1987,-1.28
2/14/1987,-1.28
2/19/1987,-1.01
2/24/1987,-1.28
3/1/1987,-1.45
3/6/1987,-1.45
3/11/1987,-0.8
3/16/1987,-0.62
3/21/1987,-0.54
3/26/1987,-0.8
3/31/1987,-0.71
4/5/1987,-0.9
4/10/1987,-0.71
4/15/1987,-0.62
4/20/1987,-0.54
4/25/1987,-1.13
4/30/1987,-0.8
5/5/1987,-1.45
5/10/1987,-1.28
5/15/1987,-1.69
5/20/1987,-1.69
5/25/1987,-1.45
5/30/1987,-1.45
6/4/1987,-1.45
6/9/1987,-1.45
6/14/1987,-1.69
6/19/1987,-1.69
6/24/1987,-1.28
6/29/1987,-1.28
7/4/1987,-0.9
7/9/1987,-1.01
7/14/1987,-0.62
7/19/1987,-0.1
7/24/1987,0.24
7/29/1987,0.17
8/3/1987,0.39
8/8/1987,0.47
8/13/1987,0.54
8/18/1987,0.8
8/23/1987,1.01
8/28/1987,0.63
9/2/1987,0.39
9/7/1987,0.71
9/12/1987,0.71
9/17/1987,0.39
9/22/1987,0.17
9/27/1987,0.32
10/2/1987,-0.03
10/7/1987,-0.24
10/12/1987,-0.54
10/17/1987,-1.28
10/22/1987,-2.09
10/27/1987,-2.09
11/1/1987,-2.09
11/6/1987,-2.09
11/11/1987,-2.09
11/16/1987,-2.09
11/21/1987,-2.09
11/26/1987,-2.09
12/1/1987,-2.09
12/6/1987,-2.09
12/11/1987,-2.09
12/16/1987,-2.09
12/21/1987,-2.09
12/26/1987,-2.09
12/31/1987,-2.09
1/5/1988,-2.09
1/10/1988,-1.69
1/15/1988,-0.8
1/20/1988,-0.8
1/25/1988,-0.8
1/30/1988,-0.8
2/4/1988,-0.71
2/9/1988,-0.46
2/14/1988,-0.62
2/19/1988,-0.39
2/24/1988,-0.46
2/29/1988,-0.71
3/5/1988,-0.8
3/10/1988,-0.9
3/15/1988,-1.01
3/20/1988,-1.28
3/25/1988,-0.71
3/30/1988,-0.39
4/4/1988,-0.17
4/9/1988,-0.32
4/14/1988,-1.01
4/19/1988,-0.9
4/24/1988,-0.39
4/29/1988,-0.1
5/4/1988,0.03
5/9/1988,-0.1
5/14/1988,-0.32
5/19/1988,-0.24
5/24/1988,-0.17
5/29/1988,0.17
6/3/1988,0.17
6/8/1988,0.24
6/13/1988,0.17
6/18/1988,0.32
6/23/1988,-0.03
6/28/1988,0.17
7/3/1988,0.1
7/8/1988,0.1
7/13/1988,0.24
7/18/1988,0.71
7/23/1988,0.32
7/28/1988,0.24
8/2/1988,0.32
8/7/1988,0.24
8/12/1988,0.17
8/17/1988,0.32
8/22/1988,0.54
8/27/1988,0.1
9/1/1988,-0.03
9/6/1988,-0.54
9/11/1988,-0.24
9/16/1988,-0.03
9/21/1988,0.39
9/26/1988,-0.03
10/1/1988,0.03
10/6/1988,-0.32
10/11/1988,-0.62
10/16/1988,-1.01
10/21/1988,-0.9
10/26/1988,-1.13
10/31/1988,-1.45
11/5/1988,-1.01
11/10/1988,-0.9
11/15/1988,-0.39
11/20/1988,-0.39
11/25/1988,-0.1
11/30/1988,-0.17
12/5/1988,-0.1
12/10/1988,-0.1
12/15/1988,-0.03
12/20/1988,-0.39
12/25/1988,-0.46
12/30/1988,-0.46
1/5/1989,-0.39
1/10/1989,0.03
1/15/1989,-0.17
1/20/1989,-0.1
1/25/1989,0.32
1/30/1989,0.24
2/4/1989,0.24
2/9/1989,0.03
2/14/1989,-0.32
2/19/1989,-0.24
2/24/1989,-0.54
3/1/1989,-0.39
3/6/1989,-0.17
3/11/1989,-0.1
3/16/1989,0.24
3/21/1989,0.32
3/26/1989,0.39
3/31/1989,0.54
4/5/1989,0.63
4/10/1989,0.03
4/15/1989,-0.17
4/20/1989,-0.1
4/25/1989,-0.1
4/30/1989,-0.17
5/5/1989,-0.1
5/10/1989,-0.03
5/15/1989,-0.03
5/20/1989,-0.32
5/25/1989,-0.03
5/30/1989,0.24
6/4/1989,0.03
6/9/1989,-0.17
6/14/1989,-0.46
6/19/1989,-0.39
6/24/1989,-0.32
6/29/1989,-0.71
7/4/1989,-0.62
7/9/1989,-0.54
7/14/1989,-0.1
7/19/1989,-0.03
7/24/1989,-0.39
7/29/1989,-0.17
8/3/1989,-0.1
8/8/1989,-0.24
8/13/1989,-0.03
8/18/1989,-0.03
8/23/1989,1.28
8/28/1989,1.28
9/2/1989,1.28
9/7/1989,1.45
9/12/1989,1.69
9/17/1989,1.45
9/22/1989,1.69
9/27/1989,2.09
10/2/1989,2.09
10/7/1989,2.09
10/12/1989,1.69
10/17/1989,1.45
10/22/1989,1.69
10/27/1989,1.69
11/1/1989,2.09
11/6/1989,2.09
11/11/1989,2.09
11/16/1989,2.09
11/21/1989,0.24
11/26/1989,0.03
12/1/1989,-0.39
12/6/1989,-0.17
12/11/1989,-0.17
12/16/1989,-0.24
12/21/1989,-0.46
12/26/1989,-0.54
12/31/1989,-0.54
1/5/1990,-0.46
1/10/1990,0.1
1/15/1990,0.24
1/20/1990,-0.17
1/25/1990,-0.39
1/30/1990,-0.03
2/4/1990,-0.24
2/9/1990,0.1
2/14/1990,-0.1
2/19/1990,-0.1
2/24/1990,-0.03
3/1/1990,-0.17
3/6/1990,-0.54
3/11/1990,-0.32
3/16/1990,-0.24
3/21/1990,-0.17
3/26/1990,-0.1
3/31/1990,-0.24
4/5/1990,-0.46
4/10/1990,-1.28
4/15/1990,-1.28
4/20/1990,-1.28
4/25/1990,-1.28
4/30/1990,-0.39
5/5/1990,-0.24
5/10/1990,-0.71
5/15/1990,-0.62
5/20/1990,-0.54
5/25/1990,0.17
5/30/1990,0.47
6/4/1990,1.28
6/9/1990,0.9
6/14/1990,1.28
6/19/1990,1.13
6/24/1990,1.13
6/29/1990,1.13
7/4/1990,2.09
7/9/1990,2.09
7/14/1990,1.28
7/19/1990,1.13
7/24/1990,1.01
7/29/1990,0.71
8/3/1990,1.01
8/8/1990,1.01
8/13/1990,0.9
8/18/1990,1.01
8/23/1990,0.9
8/28/1990,0.71
9/2/1990,0.17
9/7/1990,0.17
9/12/1990,-0.54
9/17/1990,-0.32
9/22/1990,-0.1
9/27/1990,-0.1
10/2/1990,-0.32
10/7/1990,-0.1
10/12/1990,-0.03
10/17/1990,0.24
10/22/1990,0.9
10/27/1990,0.47
11/1/1990,0.71
11/6/1990,0.8
11/11/1990,0.71
11/16/1990,0.39
11/21/1990,0.1
11/26/1990,0.24
12/1/1990,0.32
12/6/1990,0.1
12/11/1990,0.17
12/16/1990,0.24
12/21/1990,0.39
12/26/1990,0.39
12/31/1990,0.32
1/5/1991,0.03
1/10/1991,0.39
1/15/1991,0.32
1/20/1991,-0.32
1/25/1991,-0.46
1/30/1991,-0.71
2/4/1991,-1.13
2/9/1991,-0.9
2/14/1991,-0.8
2/19/1991,-0.8
2/24/1991,-1.45
3/1/1991,-1.01
3/6/1991,-0.39
3/11/1991,-0.46
3/16/1991,-0.46
3/21/1991,-0.46
3/26/1991,-0.54
3/31/1991,-0.62
4/5/1991,-0.32
4/10/1991,-0.46
4/15/1991,-0.9
4/20/1991,-0.8
4/25/1991,-0.46
4/30/1991,-0.32
5/5/1991,-0.17
5/10/1991,0.03
5/15/1991,0.1
5/20/1991,0.9
5/25/1991,0.71
5/30/1991,0.8
6/4/1991,0.24
6/9/1991,0.47
6/14/1991,0.47
6/19/1991,0.63
6/24/1991,0.8
6/29/1991,1.45
7/4/1991,1.45
7/9/1991,0.9
7/14/1991,0.9
7/19/1991,1.28
7/24/1991,1.45
7/29/1991,1.28
8/3/1991,1.45
8/8/1991,1.45
8/13/1991,1.28
8/18/1991,0.63
8/23/1991,0.47
8/28/1991,0.39
9/2/1991,0.47
9/7/1991,0.39
9/12/1991,0.24
9/17/1991,0.1
9/22/1991,-0.46
9/27/1991,-0.54
10/2/1991,-0.71
10/7/1991,-1.01
10/12/1991,-1.13
10/17/1991,-2.09
10/22/1991,-1.45
10/27/1991,-1.28
11/1/1991,-1.69
11/6/1991,-1.69
11/11/1991,-1.69
11/16/1991,-1.69
11/21/1991,-1.01
11/26/1991,-0.8
12/1/1991,-0.62
12/6/1991,-0.39
12/11/1991,-0.46
12/16/1991,-0.62
12/21/1991,-0.32
12/26/1991,-0.39
12/31/1991,-0.32
1/5/1992,-0.54
1/10/1992,-0.54
1/15/1992,-0.32
1/20/1992,-0.24
1/25/1992,-0.54
1/30/1992,-0.17
2/4/1992,-0.39
2/9/1992,-0.54
2/14/1992,-0.54
2/19/1992,-0.17
2/24/1992,-0.32
2/29/1992,-0.62
3/5/1992,-1.01
3/10/1992,-0.71
3/15/1992,-0.9
3/20/1992,-1.13
3/25/1992,-1.13
3/30/1992,-1.01
4/4/1992,-1.28
4/9/1992,-0.62
4/14/1992,-0.32
4/19/1992,-0.39
4/24/1992,-0.62
4/29/1992,-0.9
5/4/1992,-0.9
5/9/1992,-1.01
5/14/1992,-1.01
5/19/1992,-2.09
5/24/1992,-2.09
5/29/1992,-2.09
6/3/1992,-2.09
6/8/1992,-2.09
6/13/1992,-2.09
6/18/1992,-2.09
6/23/1992,-2.09
6/28/1992,-1.69
7/3/1992,-1.28
7/8/1992,-1.45
7/13/1992,-1.45
7/18/1992,-1.45
7/23/1992,-0.8
7/28/1992,-0.8
8/2/1992,-0.71
8/7/1992,-0.62
8/12/1992,-0.39
8/17/1992,-0.32
8/22/1992,0.39
8/27/1992,0.8
9/1/1992,1.01
9/6/1992,1.01
9/11/1992,0.8
9/16/1992,0.9
9/21/1992,1.01
9/26/1992,1.28
10/1/1992,0.8
10/6/1992,0.71
10/11/1992,0.71
10/16/1992,1.01
10/21/1992,0.54
10/26/1992,0.32
10/31/1992,0.24
11/5/1992,0.39
11/10/1992,0.47
11/15/1992,0.54
11/20/1992,-0.03
11/25/1992,0.1
11/30/1992,0.03
12/5/1992,-0.03
12/10/1992,-0.03
12/15/1992,-0.17
12/20/1992,-0.1
12/25/1992,-0.62
12/30/1992,-0.24
1/5/1993,-0.32
1/10/1993,-0.46
1/15/1993,-0.46
1/20/1993,-0.39
1/25/1993,-0.03
1/30/1993,-0.54
2/4/1993,-0.62
2/9/1993,-1.13
2/14/1993,-0.9
2/19/1993,-1.45
2/24/1993,-1.13
3/1/1993,-1.28
3/6/1993,-1.13
3/11/1993,-1.01
3/16/1993,-0.71
3/21/1993,-0.71
3/26/1993,-0.62
3/31/1993,-0.8
4/5/1993,-0.39
4/10/1993,-0.17
4/15/1993,-0.1
4/20/1993,-0.03
4/25/1993,0.17
4/30/1993,1.01
5/5/1993,1.13
5/10/1993,1.28
5/15/1993,1.01
5/20/1993,1.13
5/25/1993,1.01
5/30/1993,1.28
6/4/1993,1.01
6/9/1993,1.01
6/14/1993,0.9
6/19/1993,0.71
6/24/1993,0.54
6/29/1993,0.9
7/4/1993,0.8
7/9/1993,0.63
7/14/1993,0.8
7/19/1993,1.45
7/24/1993,1.69
7/29/1993,1.45
8/3/1993,1.13
8/8/1993,1.13
8/13/1993,1.45
8/18/1993,2.09
8/23/1993,2.09
8/28/1993,2.09
9/2/1993,2.09
9/7/1993,2.09
9/12/1993,1.45
9/17/1993,2.09
9/22/1993,1.45
9/27/1993,1.45
10/2/1993,1.13
10/7/1993,1.01
10/12/1993,0.9
10/17/1993,0.71
10/22/1993,0.17
10/27/1993,-0.17
11/1/1993,-0.32
11/6/1993,-0.54
11/11/1993,-0.71
11/16/1993,-1.28
11/21/1993,-1.69
11/26/1993,-1.69
12/1/1993,-1.45
12/6/1993,-1.45
12/11/1993,-1.28
12/16/1993,-1.45
12/21/1993,-1.69
12/26/1993,-1.69
12/31/1993,-1.69
1/5/1994,-1.01
1/10/1994,-1.01
1/15/1994,-1.45
1/20/1994,-1.45
1/25/1994,-1.45
1/30/1994,-1.45
2/4/1994,-1.45
2/9/1994,-1.01
2/14/1994,-1.01
2/19/1994,-1.13
2/24/1994,-0.9
3/1/1994,-0.9
3/6/1994,-0.9
3/11/1994,-1.28
3/16/1994,-1.28
3/21/1994,-0.9
3/26/1994,-0.9
3/31/1994,-1.69
4/5/1994,-2.09
4/10/1994,-1.69
4/15/1994,-2.09
4/20/1994,-2.09
4/25/1994,-1.69
4/30/1994,-2.09
5/5/1994,-1.69
5/10/1994,-1.45
5/15/1994,-2.09
5/20/1994,-0.71
5/25/1994,-1.13
5/30/1994,-1.13
6/4/1994,-1.13
6/9/1994,-0.8
6/14/1994,-0.54
6/19/1994,-0.62
6/24/1994,-0.54
6/29/1994,-0.46
7/4/1994,-0.32
7/9/1994,-0.62
7/14/1994,-0.54
7/19/1994,-0.62
7/24/1994,-0.71
7/29/1994,-0.71
8/3/1994,-0.8
8/8/1994,-0.71
8/13/1994,-1.01
8/18/1994,-1.28
8/23/1994,-1.13
8/28/1994,-1.28
9/2/1994,-1.28
9/7/1994,-1.28
9/12/1994,-1.28
9/17/1994,-1.28
9/22/1994,-1.28
9/27/1994,-1.28
10/2/1994,-1.69
10/7/1994,-1.69
10/12/1994,-1.69
10/17/1994,-1.13
10/22/1994,-1.13
10/27/1994,-0.39
11/1/1994,0.39
11/6/1994,0.63
11/11/1994,0.39
11/16/1994,0.9
11/21/1994,0.71
11/26/1994,0.63
12/1/1994,1.28
12/6/1994,1.13
12/11/1994,1.28
12/16/1994,1.28
12/21/1994,1.45
12/26/1994,1.69
12/31/1994,1.45
1/5/1995,1.69
1/10/1995,1.69
1/15/1995,1.69
1/20/1995,1.69
1/25/1995,1.01
1/30/1995,0.63
2/4/1995,0.63
2/9/1995,0.47
2/14/1995,0.47
2/19/1995,0.8
2/24/1995,0.8
3/1/1995,0.24
3/6/1995,0.32
3/11/1995,0.39
3/16/1995,0.54
3/21/1995,0.71
3/26/1995,0.47
3/31/1995,0.24
4/5/1995,0.54
4/10/1995,0.8
4/15/1995,0.47
4/20/1995,0.54
4/25/1995,0.71
4/30/1995,0.54
5/5/1995,0.32
5/10/1995,0.54
5/15/1995,0.71
5/20/1995,0.03
5/25/1995,0.24
5/30/1995,-0.03
6/4/1995,-0.03
6/9/1995,0.03
6/14/1995,-0.24
6/19/1995,0.03
6/24/1995,0.17
6/29/1995,0.32
7/4/1995,0.39
7/9/1995,0.39
7/14/1995,0.32
7/19/1995,0.32
7/24/1995,0.39
7/29/1995,0.63
8/3/1995,0.54
8/8/1995,0.9
8/13/1995,1.13
8/18/1995,1.45
8/23/1995,1.45
8/28/1995,1.69
9/2/1995,1.45
9/7/1995,1.28
9/12/1995,1.28
9/17/1995,0.71
9/22/1995,0.54
9/27/1995,0.8
10/2/1995,0.9
10/7/1995,1.28
10/12/1995,1.45
10/17/1995,2.09
10/22/1995,1.45
10/27/1995,1.45
11/1/1995,1.45
11/6/1995,1.13
11/11/1995,1.69
11/16/1995,1.13
11/21/1995,0.9
11/26/1995,1.01
12/1/1995,2.09
12/6/1995,1.45
12/11/1995,1.69
12/16/1995,2.09
12/21/1995,2.09
12/26/1995,1.45
12/31/1995,1.69
1/5/1996,1.13
1/10/1996,1.13
1/15/1996,0.9
1/20/1996,1.13
1/25/1996,1.45
1/30/1996,1.45
2/4/1996,1.45
2/9/1996,1.69
2/14/1996,1.69
2/19/1996,2.09
2/24/1996,2.09
2/29/1996,2.09
3/5/1996,2.09
3/10/1996,1.45
3/15/1996,1.45
3/20/1996,1.45
3/25/1996,1.69
3/30/1996,1.45
4/4/1996,1.45
4/9/1996,1.28
4/14/1996,1.28
4/19/1996,1.45
4/24/1996,2.09
4/29/1996,2.09
5/4/1996,2.09
5/9/1996,0.9
5/14/1996,1.45
5/19/1996,1.69
5/24/1996,1.69
5/29/1996,1.69
6/3/1996,1.69
6/8/1996,1.45
6/13/1996,1.45
6/18/1996,1.28
6/23/1996,1.45
6/28/1996,2.09
7/3/1996,1.69
7/8/1996,1.45
7/13/1996,1.13
7/18/1996,0.54
7/23/1996,0.03
7/28/1996,0.03
8/2/1996,0.03
8/7/1996,0.17
8/12/1996,-0.1
8/17/1996,-0.8
8/22/1996,-0.9
8/27/1996,-1.13
9/1/1996,-1.01
9/6/1996,-0.8
9/11/1996,-0.62
9/16/1996,0.03
9/21/1996,0.24
9/26/1996,0.03
10/1/1996,-0.1
10/6/1996,-0.17
10/11/1996,-0.24
10/16/1996,-0.17
10/21/1996,0.03
10/26/1996,1.01
10/31/1996,0.8
11/5/1996,0.32
11/10/1996,0.24
11/15/1996,0.1
11/20/1996,1.01
11/25/1996,1.28
11/30/1996,1.45
12/5/1996,1.69
12/10/1996,2.09
12/15/1996,1.69
12/20/1996,1.69
12/25/1996,2.09
12/30/1996,2.09
1/5/1997,2.09
1/10/1997,2.09
1/15/1997,2.09
1/20/1997,2.09
1/25/1997,1.69
1/30/1997,2.09
2/4/1997,2.09
2/9/1997,2.09
2/14/1997,2.09
2/19/1997,1.69
2/24/1997,1.69
3/1/1997,1.69
3/6/1997,1.69
3/11/1997,2.09
3/16/1997,2.09
3/21/1997,2.09
3/26/1997,1.45
3/31/1997,0.8
4/5/1997,0.8
4/10/1997,0.9
4/15/1997,0.9
4/20/1997,1.13
4/25/1997,1.28
4/30/1997,1.28
5/5/1997,1.28
5/10/1997,1.45
5/15/1997,0.9
5/20/1997,0.8
5/25/1997,1.13
5/30/1997,1.01
6/4/1997,1.13
6/9/1997,0.39
6/14/1997,0.24
6/19/1997,0.24
6/24/1997,0.39
6/29/1997,0.47
7/4/1997,0.54
7/9/1997,1.28
7/14/1997,1.45
7/19/1997,0.9
7/24/1997,0.8
7/29/1997,0.47
8/3/1997,0.47
8/8/1997,0.54
8/13/1997,0.8
8/18/1997,1.13
8/23/1997,0.8
8/28/1997,1.01
9/2/1997,0.8
9/7/1997,0.9
9/12/1997,0.9
9/17/1997,1.13
9/22/1997,1.13
9/27/1997,0.71
10/2/1997,0.63
10/7/1997,0.54
10/12/1997,0.63
10/17/1997,0.54
10/22/1997,0.39
10/27/1997,0.1
11/1/1997,0.9
11/6/1997,0.71
11/11/1997,0.9
11/16/1997,0.8
11/21/1997,1.28
11/26/1997,0.71
12/1/1997,0.54
12/6/1997,0.39
12/11/1997,0.47
12/16/1997,0.32
12/21/1997,0.32
12/26/1997,0.24
12/31/1997,0.17
1/5/1998,0.17
1/10/1998,-0.24
1/15/1998,-0.1
1/20/1998,0.47
1/25/1998,0.47
1/30/1998,0.03
2/4/1998,0.03
2/9/1998,-0.32
2/14/1998,0.03
2/19/1998,-0.46
2/24/1998,-0.17
3/1/1998,-0.03
3/6/1998,0.17
3/11/1998,-0.03
3/16/1998,-0.32
3/21/1998,-0.32
3/26/1998,-0.03
3/31/1998,-0.17
4/5/1998,-0.1
4/10/1998,-0.03
4/15/1998,-0.03
4/20/1998,-0.24
4/25/1998,-0.24
4/30/1998,-0.62
5/5/1998,-0.8
5/10/1998,-0.8
5/15/1998,-0.71
5/20/1998,-0.39
5/25/1998,0.63
5/30/1998,0.63
6/4/1998,0.71
6/9/1998,0.71
6/14/1998,0.71
6/19/1998,0.8
6/24/1998,0.63
6/29/1998,1.01
7/4/1998,0.63
7/9/1998,0.8
7/14/1998,1.01
7/19/1998,1.01
7/24/1998,1.13
7/29/1998,1.69
8/3/1998,1.69
8/8/1998,2.09
8/13/1998,2.09
8/18/1998,1.28
8/23/1998,0.17
8/28/1998,-0.03
9/2/1998,0.03
9/7/1998,-0.03
9/12/1998,0.54
9/17/1998,0.17
9/22/1998,0.47
9/27/1998,0.47
10/2/1998,0.39
10/7/1998,0.47
10/12/1998,0.24
10/17/1998,0.17
10/22/1998,0.24
10/27/1998,-0.03
11/1/1998,-0.1
11/6/1998,0.1
11/11/1998,0.17
11/16/1998,0.32
11/21/1998,0.54
11/26/1998,0.8
12/1/1998,1.69
12/6/1998,2.09
12/11/1998,1.45
12/16/1998,1.45
12/21/1998,1.13
12/26/1998,1.28
12/31/1998,1.28
1/5/1999,1.28
1/10/1999,1.28
1/15/1999,1.45
1/20/1999,1.45
1/25/1999,2.09
1/30/1999,1.69
2/4/1999,1.69
2/9/1999,1.45
2/14/1999,1.45
2/19/1999,1.45
2/24/1999,1.45
3/1/1999,1.45
3/6/1999,1.28
3/11/1999,1.13
3/16/1999,1.28
3/21/1999,1.28
3/26/1999,0.9
3/31/1999,0.63
4/5/1999,1.01
4/10/1999,1.01
4/15/1999,0.8
4/20/1999,0.24
4/25/1999,0.1
4/30/1999,0.17
5/5/1999,0.17
5/10/1999,0.17
5/15/1999,0.17
5/20/1999,0.17
5/25/1999,-0.8
5/30/1999,-1.28
6/4/1999,-0.8
6/9/1999,-0.71
6/14/1999,-0.9
6/19/1999,-0.71
6/24/1999,-0.62
6/29/1999,-0.54
7/4/1999,-0.46
7/9/1999,-0.46
7/14/1999,-0.39
7/19/1999,-0.39
7/24/1999,-0.32
7/29/1999,-0.24
8/3/1999,-0.39
8/8/1999,-0.1
8/13/1999,0.03
8/18/1999,0.03
8/23/1999,0.1
8/28/1999,0.47
9/2/1999,0.24
9/7/1999,0.47
9/12/1999,0.47
9/17/1999,0.47
9/22/1999,0.32
9/27/1999,-0.32
10/2/1999,-0.39
10/7/1999,-0.46
10/12/1999,-0.1
10/17/1999,-0.24
10/22/1999,-0.32
10/27/1999,-0.1
11/1/1999,-0.24
11/6/1999,-0.46
11/11/1999,-1.13
11/16/1999,-1.45
11/21/1999,-1.45
11/26/1999,-0.54
12/1/1999,-0.71
12/6/1999,-0.62
12/11/1999,-0.62
12/16/1999,0.1
12/21/1999,0.17
12/26/1999,0.32
12/31/1999,0.39
1/5/2000,0.63
1/10/2000,0.32
1/15/2000,0.54
1/20/2000,0.71
1/25/2000,0.39
1/30/2000,0.32
2/4/2000,0.71
2/9/2000,0.8
2/14/2000,1.13
2/19/2000,1.28
2/24/2000,0.9
2/29/2000,0.9
3/5/2000,0.8
3/10/2000,0.71
3/15/2000,0.47
3/20/2000,0.47
3/25/2000,0.54
3/30/2000,0.39
4/4/2000,0.39
4/9/2000,0.54
4/14/2000,0.71
4/19/2000,0.63
4/24/2000,0.54
4/29/2000,0.47
5/4/2000,0.39
5/9/2000,0.47
5/14/2000,0.32
5/19/2000,0.47
5/24/2000,0.03
5/29/2000,-0.1
6/3/2000,0.1
6/8/2000,0.1
6/13/2000,0.32
6/18/2000,0.17
6/23/2000,0.1
6/28/2000,0.03
7/3/2000,0.03
7/8/2000,0.03
7/13/2000,0.03
7/18/2000,0.03
7/23/2000,-0.17
7/28/2000,-0.1
8/2/2000,-0.24
8/7/2000,-0.46
8/12/2000,-0.62
8/17/2000,-0.54
8/22/2000,-0.46
8/27/2000,-0.46
9/1/2000,-0.8
9/6/2000,-0.32
9/11/2000,-0.17
9/16/2000,-0.1
9/21/2000,0.1
9/26/2000,0.24
10/1/2000,0.47
10/6/2000,0.39
10/11/2000,0.39
10/16/2000,0.47
10/21/2000,0.71
10/26/2000,0.71
10/31/2000,0.63
11/5/2000,0.47
11/10/2000,0.54
11/15/2000,0.47
11/20/2000,0.39
11/25/2000,0.39
11/30/2000,0.39
12/5/2000,-0.24
12/10/2000,-0.71
12/15/2000,-0.32
12/20/2000,-0.62
12/25/2000,-0.32
12/30/2000,-1.01
1/5/2001,-1.13
1/10/2001,-1.13
1/15/2001,-1.28
1/20/2001,-1.28
1/25/2001,-1.13
1/30/2001,-1.28
2/4/2001,-1.28
2/9/2001,-1.45
2/14/2001,-1.45
2/19/2001,-1.28
2/24/2001,-1.01
3/1/2001,-1.13
3/6/2001,-1.28
3/11/2001,-1.13
3/16/2001,-1.13
3/21/2001,-1.01
3/26/2001,-1.45
3/31/2001,-0.9
4/5/2001,-0.71
4/10/2001,-0.39
4/15/2001,-0.39
4/20/2001,-0.32
4/25/2001,-0.32
4/30/2001,0.03
5/5/2001,-0.03
5/10/2001,-0.24
5/15/2001,-0.1
5/20/2001,-0.1
5/25/2001,-0.39
5/30/2001,-0.54
6/4/2001,-0.32
6/9/2001,-0.1
6/14/2001,-0.1
6/19/2001,-0.17
6/24/2001,-0.1
6/29/2001,0.1
7/4/2001,-0.03
7/9/2001,-0.17
7/14/2001,-0.17
7/19/2001,-0.32
7/24/2001,-0.1
7/29/2001,-0.46
8/3/2001,-0.17
8/8/2001,-0.03
8/13/2001,-0.24
8/18/2001,-0.39
8/23/2001,-0.39
8/28/2001,-0.24
9/2/2001,-0.17
9/7/2001,-0.1
9/12/2001,-0.39
9/17/2001,-0.24
9/22/2001,-0.17
9/27/2001,-0.71
10/2/2001,-0.62
10/7/2001,-0.9
10/12/2001,-0.39
10/17/2001,-0.8
10/22/2001,-0.54
10/27/2001,-0.71
11/1/2001,-0.39
11/6/2001,-0.32
11/11/2001,-0.46
11/16/2001,-0.54
11/21/2001,-0.62
11/26/2001,-0.32
12/1/2001,-0.03
12/6/2001,0.47
12/11/2001,0.39
12/16/2001,0.63
12/21/2001,0.71
12/26/2001,1.01
12/31/2001,0.8
1/5/2002,0.9
1/10/2002,0.63
1/15/2002,0.47
1/20/2002,0.39
1/25/2002,0.63
1/30/2002,0.54
2/4/2002,0.54
2/9/2002,0.9
2/14/2002,0.9
2/19/2002,0.54
2/24/2002,0.32
3/1/2002,0.17
3/6/2002,0.1
3/11/2002,0.17
3/16/2002,0.03
3/21/2002,0.24
3/26/2002,0.39
3/31/2002,0.32
4/5/2002,0.24
4/10/2002,0.32
4/15/2002,0.63
4/20/2002,0.8
4/25/2002,0.32
4/30/2002,0.24
5/5/2002,0.1
5/10/2002,0.1
5/15/2002,0.03
5/20/2002,0.32
5/25/2002,0.32
5/30/2002,0.1
6/4/2002,-0.1
6/9/2002,-0.32
6/14/2002,-0.32
6/19/2002,-0.32
6/24/2002,-0.46
6/29/2002,-0.39
7/4/2002,-0.1
7/9/2002,-0.1
7/14/2002,-0.32
7/19/2002,-0.71
7/24/2002,-0.62
7/29/2002,-0.62
8/3/2002,-0.46
8/8/2002,-0.39
8/13/2002,-0.32
8/18/2002,-0.46
8/23/2002,-0.54
8/28/2002,-0.54
9/2/2002,-0.32
9/7/2002,0.03
9/12/2002,-0.03
9/17/2002,-0.46
9/22/2002,-0.24
9/27/2002,-0.46
10/2/2002,-0.46
10/7/2002,-0.39
10/12/2002,-0.17
10/17/2002,-0.39
10/22/2002,-0.39
10/27/2002,-0.62
11/1/2002,-0.54
11/6/2002,-1.28
11/11/2002,-0.8
11/16/2002,-0.71
11/21/2002,-0.9
11/26/2002,-1.45
12/1/2002,-1.69
12/6/2002,-1.69
12/11/2002,-1.69
12/16/2002,-1.69
12/21/2002,-1.45
12/26/2002,-1.45
12/31/2002,-1.28
1/5/2003,-1.28
1/10/2003,-1.28
1/15/2003,-1.01
1/20/2003,-1.01
1/25/2003,-0.62
1/30/2003,-0.32
2/4/2003,0.9
2/9/2003,0.63
2/14/2003,0.71
2/19/2003,0.9
2/24/2003,1.13
3/1/2003,1.13
3/6/2003,1.45
3/11/2003,1.69
3/16/2003,1.69
3/21/2003,1.69
3/26/2003,2.09
3/31/2003,2.09
4/5/2003,2.09
4/10/2003,2.09
4/15/2003,1.69
4/20/2003,2.09
4/25/2003,1.69
4/30/2003,1.45
5/5/2003,0.8
5/10/2003,0.8
5/15/2003,0.9
5/20/2003,1.01
5/25/2003,0.8
5/30/2003,0.9
6/4/2003,0.8
6/9/2003,-0.03
6/14/2003,-0.39
6/19/2003,-0.54
6/24/2003,-0.9
6/29/2003,-0.8
7/4/2003,-1.01
7/9/2003,-0.9
7/14/2003,-0.8
7/19/2003,-0.8
7/24/2003,-1.01
7/29/2003,-1.45
8/3/2003,-1.28
8/8/2003,-1.28
8/13/2003,-1.69
8/18/2003,-1.69
8/23/2003,-1.69
8/28/2003,-1.69
9/2/2003,-1.69
9/7/2003,-1.45
9/12/2003,-1.01
9/17/2003,-0.71
9/22/2003,-0.71
9/27/2003,-0.62
10/2/2003,-0.8
10/7/2003,-1.28
10/12/2003,-1.01
10/17/2003,-0.71
10/22/2003,-0.8
10/27/2003,-0.9
11/1/2003,-1.28
11/6/2003,-1.45
11/11/2003,-1.28
11/16/2003,-0.9
11/21/2003,-1.13
11/26/2003,-1.28
12/1/2003,-0.9
12/6/2003,-0.8
12/11/2003,-1.13
12/16/2003,-1.01
12/21/2003,-1.13
12/26/2003,-0.9
12/31/2003,-0.39
1/5/2004,-0.24
1/10/2004,-0.39
1/15/2004,-0.54
1/20/2004,-0.46
1/25/2004,-0.1
1/30/2004,0.47
2/4/2004,0.47
2/9/2004,0.71
2/14/2004,0.54
2/19/2004,0.63
2/24/2004,0.71
2/29/2004,0.54
3/5/2004,0.54
3/10/2004,0.32
3/15/2004,-0.03
3/20/2004,-0.03
3/25/2004,-0.32
3/30/2004,-0.46
4/4/2004,-0.54
4/9/2004,-0.8
4/14/2004,-0.8
4/19/2004,-0.46
4/24/2004,-0.71
4/29/2004,-1.69
5/4/2004,-2.09
5/9/2004,-1.69
5/14/2004,-1.45
5/19/2004,-1.13
5/24/2004,-0.71
5/29/2004,-0.24
6/3/2004,-0.62
6/8/2004,-0.46
6/13/2004,-0.03
6/18/2004,0.1
6/23/2004,0.24
6/28/2004,0.24
7/3/2004,0.32
7/8/2004,0.24
7/13/2004,0.1
7/18/2004,0.17
7/23/2004,0.17
7/28/2004,0.32
8/2/2004,0.63
8/7/2004,0.8
8/12/2004,0.47
8/17/2004,0.1
8/22/2004,-0.24
8/27/2004,0.32
9/1/2004,0.32
9/6/2004,0.63
9/11/2004,0.63
9/16/2004,0.63
9/21/2004,0.71
9/26/2004,0.63
10/1/2004,0.71
10/6/2004,0.8
10/11/2004,1.13
10/16/2004,1.28
10/21/2004,1.28
10/26/2004,1.28
10/31/2004,1.28
11/5/2004,1.28
11/10/2004,1.13
11/15/2004,1.01
11/20/2004,0.63
11/25/2004,0.32
11/30/2004,0.17
12/5/2004,0.03
12/10/2004,0.1
12/15/2004,-0.1
12/20/2004,-0.54
12/25/2004,-0.71
12/30/2004,-0.62
1/5/2005,-0.62
1/10/2005,-0.62
1/15/2005,-0.71
1/20/2005,-0.9
1/25/2005,-1.28
1/30/2005,-1.69
2/4/2005,-2.09
2/9/2005,-2.09
2/14/2005,-2.09
2/19/2005,-2.09
2/24/2005,-2.09
3/1/2005,-2.09
3/6/2005,-2.09
3/11/2005,-2.09
3/16/2005,-2.09
3/21/2005,-2.09
3/26/2005,-2.09
3/31/2005,-1.45
4/5/2005,-1.45
4/10/2005,-1.45
4/15/2005,-1.45
4/20/2005,-1.45
4/25/2005,-1.45
4/30/2005,-1.45
5/5/2005,-1.13
5/10/2005,-0.17
5/15/2005,-0.17
5/20/2005,0.54
5/25/2005,0.54
5/30/2005,0.32
6/4/2005,0.54
6/9/2005,0.8
6/14/2005,0.8
6/19/2005,1.01
6/24/2005,0.47
6/29/2005,0.39
7/4/2005,0.24
7/9/2005,0.32
7/14/2005,0.17
7/19/2005,0.1
7/24/2005,0.1
7/29/2005,0.1
8/3/2005,0.1
8/8/2005,-0.54
8/13/2005,-0.71
8/18/2005,-0.9
8/23/2005,-1.01
8/28/2005,-0.8
9/2/2005,-0.9
9/7/2005,-1.01
9/12/2005,-1.13
9/17/2005,-1.13
9/22/2005,-0.8
9/27/2005,-0.9
10/2/2005,-0.54
10/7/2005,-0.54
10/12/2005,-0.46
10/17/2005,-0.62
10/22/2005,-0.46
10/27/2005,-0.32
11/1/2005,0.1
11/6/2005,0.17
11/11/2005,-0.03
11/16/2005,-0.17
11/21/2005,-0.1
11/26/2005,-0.17
12/1/2005,0.24
12/6/2005,0.24
12/11/2005,0.1
12/16/2005,0.17
12/21/2005,0.03
12/26/2005,0.1
12/31/2005,-0.03
1/5/2006,0.1
1/10/2006,0.47
1/15/2006,1.13
1/20/2006,1.28
1/25/2006,1.28
1/30/2006,1.13
2/4/2006,1.28
2/9/2006,1.13
2/14/2006,1.01
2/19/2006,1.01
2/24/2006,1.01
3/1/2006,1.01
3/6/2006,0.71
3/11/2006,1.01
3/16/2006,1.01
3/21/2006,0.9
3/26/2006,1.01
3/31/2006,0.47
4/5/2006,0.71
4/10/2006,0.71
4/15/2006,0.17
4/20/2006,0.03
4/25/2006,0.03
4/30/2006,-0.24
5/5/2006,-0.54
5/10/2006,-0.46
5/15/2006,-0.46
5/20/2006,-0.46
5/25/2006,-0.46
5/30/2006,-0.8
6/4/2006,-0.39
6/9/2006,-0.54
6/14/2006,0.03
6/19/2006,-0.1
6/24/2006,-0.24
6/29/2006,-0.32
7/4/2006,-0.71
7/9/2006,-0.8
7/14/2006,-1.28
7/19/2006,-1.01
7/24/2006,-0.9
7/29/2006,-0.9
8/3/2006,-1.01
8/8/2006,-1.13
8/13/2006,-0.8
8/18/2006,-0.62
8/23/2006,-0.8
8/28/2006,-0.9
9/2/2006,-1.45
9/7/2006,-1.69
9/12/2006,-1.69
9/17/2006,-2.09
9/22/2006,-1.45
9/27/2006,-1.13
10/2/2006,-1.28
10/7/2006,-1.45
10/12/2006,-1.28
10/17/2006,-0.9
10/22/2006,-0.62
10/27/2006,-0.54
11/1/2006,-1.01
11/6/2006,-0.1
11/11/2006,0.03
11/16/2006,0.03
11/21/2006,0.47
11/26/2006,0.54
12/1/2006,0.63
12/6/2006,0.71
12/11/2006,0.8
12/16/2006,1.13
12/21/2006,0.54
12/26/2006,0.9
12/31/2006,0.9
1/5/2007,1.45
1/10/2007,1.45
1/15/2007,1.28
1/20/2007,1.01
1/25/2007,0.9
1/30/2007,1.01
2/4/2007,0.32
2/9/2007,0.17
2/14/2007,0.1
2/19/2007,0.03
2/24/2007,0.03
3/1/2007,0.1
3/6/2007,-0.1
3/11/2007,0.1
3/16/2007,-0.17
3/21/2007,-0.24
3/26/2007,-0.39
3/31/2007,-0.32
4/5/2007,-0.8
4/10/2007,-0.9
4/15/2007,-0.71
4/20/2007,-0.62
4/25/2007,-0.54
4/30/2007,-0.54
5/5/2007,-0.39
5/10/2007,-0.62
5/15/2007,-0.9
5/20/2007,-1.28
5/25/2007,-1.28
5/30/2007,-1.69
6/4/2007,-1.69
6/9/2007,-1.28
6/14/2007,-1.13
6/19/2007,-1.45
6/24/2007,-1.45
6/29/2007,-1.45
7/4/2007,-1.69
7/9/2007,-1.69
7/14/2007,-1.69
7/19/2007,-1.69
7/24/2007,-1.69
7/29/2007,-2.09
8/3/2007,-2.09
8/8/2007,-1.69
8/13/2007,-1.45
8/18/2007,-1.45
8/23/2007,-1.45
8/28/2007,-1.45
9/2/2007,-1.13
9/7/2007,-1.13
9/12/2007,-1.45
9/17/2007,-1.45
9/22/2007,-1.69
9/27/2007,-1.45
10/2/2007,-1.13
10/7/2007,-0.71
10/12/2007,-0.71
10/17/2007,-0.32
10/22/2007,-0.17
10/27/2007,-0.24
11/1/2007,-0.46
11/6/2007,-0.62
11/11/2007,-0.62
11/16/2007,-0.62
11/21/2007,-0.46
11/26/2007,-0.46
12/1/2007,-0.32
12/6/2007,-0.54
12/11/2007,-0.54
12/16/2007,-0.39
12/21/2007,-0.17
12/26/2007,0.17
12/31/2007,0.47
1/5/2008,-0.03
1/10/2008,0.24
1/15/2008,0.1
1/20/2008,-0.03
1/25/2008,0.17
1/30/2008,0.71
2/4/2008,1.13
2/9/2008,1.28
2/14/2008,1.28
2/19/2008,0.71
2/24/2008,0.54
2/29/2008,0.71
3/5/2008,0.63
3/10/2008,0.54
3/15/2008,0.9
3/20/2008,0.8
3/25/2008,0.24
3/30/2008,0.03
4/4/2008,0.1
4/9/2008,0.1
4/14/2008,0.03
4/19/2008,0.1
4/24/2008,0.24
4/29/2008,-0.03
5/4/2008,-0.32
5/9/2008,-0.54
5/14/2008,-0.39
5/19/2008,-0.9
5/24/2008,-0.62
5/29/2008,-0.39
6/3/2008,-0.17
6/8/2008,0.17
6/13/2008,0.1
6/18/2008,-0.03
6/23/2008,0.03
6/28/2008,-0.1
7/3/2008,-0.24
7/8/2008,-0.32
7/13/2008,-0.46
7/18/2008,-0.54
7/23/2008,-0.46
7/28/2008,-0.39
8/2/2008,-0.32
8/7/2008,-0.17
8/12/2008,-0.17
8/17/2008,-0.1
8/22/2008,0.03
8/27/2008,-0.1
9/1/2008,-0.1
9/6/2008,-0.39
9/11/2008,-0.71
9/16/2008,-0.54
9/21/2008,-0.39
9/26/2008,-0.24
10/1/2008,-0.17
10/6/2008,0.03
10/11/2008,0.03
10/16/2008,-0.03
10/21/2008,-0.24
10/26/2008,-0.46
10/31/2008,-0.71
11/5/2008,-0.17
11/10/2008,-0.17
11/15/2008,0.17
11/20/2008,-0.32
11/25/2008,-0.71
11/30/2008,-0.54
12/5/2008,-0.71
12/10/2008,-0.8
12/15/2008,-0.71
12/20/2008,-0.71
12/25/2008,-0.24
12/30/2008,0.03
1/5/2009,0.47
1/10/2009,0.9
1/15/2009,1.01
1/20/2009,0.9
1/25/2009,1.13
1/30/2009,1.28
2/4/2009,0.8
2/9/2009,0.54
2/14/2009,0.24
2/19/2009,0.24
2/24/2009,0.47
3/1/2009,0.63
3/6/2009,0.9
3/11/2009,0.8
3/16/2009,0.71
3/21/2009,0.63
3/26/2009,0.8
3/31/2009,1.28
4/5/2009,1.13
4/10/2009,0.47
4/15/2009,0.54
4/20/2009,0.71
4/25/2009,0.39
4/30/2009,0.8
5/5/2009,1.01
5/10/2009,1.13
5/15/2009,1.28
5/20/2009,1.28
5/25/2009,1.28
5/30/2009,0.71
6/4/2009,0.39
6/9/2009,0.63
6/14/2009,0.39
6/19/2009,0.39
6/24/2009,0.32
6/29/2009,-0.24
7/4/2009,-0.54
7/9/2009,-0.24
7/14/2009,-0.03
7/19/2009,-0.17
7/24/2009,-0.24
7/29/2009,-0.32
8/3/2009,-0.54
8/8/2009,-0.32
8/13/2009,-0.46
8/18/2009,-0.17
8/23/2009,-0.32
8/28/2009,0.24
9/2/2009,0.54
9/7/2009,0.54
9/12/2009,0.39
9/17/2009,0.24
9/22/2009,0.03
9/27/2009,0.1
10/2/2009,0.1
10/7/2009,0.1
10/12/2009,-0.32
10/17/2009,-0.1
10/22/2009,-0.1
10/27/2009,0.17
11/1/2009,0.17
11/6/2009,-0.32
11/11/2009,-0.54
11/16/2009,-0.8
11/21/2009,-0.71
11/26/2009,-1.13
12/1/2009,-1.13
12/6/2009,-1.28
12/11/2009,-1.45
12/16/2009,-1.13
12/21/2009,-0.9
12/26/2009,-1.01
12/31/2009,-1.13
1/5/2010,-0.71
1/10/2010,-0.71
1/15/2010,-1.13
1/20/2010,-1.13
1/25/2010,-2.09
1/30/2010,-2.09
2/4/2010,-1.69
2/9/2010,-1.69
2/14/2010,-1.69
2/19/2010,-1.69
2/24/2010,-1.69
3/1/2010,-1.69
3/6/2010,-1.69
3/11/2010,-1.69
3/16/2010,-1.69
3/21/2010,-1.69
3/26/2010,-1.69
3/31/2010,-2.09
4/5/2010,-1.69
4/10/2010,-2.09
4/15/2010,-1.69
4/20/2010,-1.69
4/25/2010,-2.09
4/30/2010,-1.28
5/5/2010,-0.46
5/10/2010,-0.39
5/15/2010,-0.54
5/20/2010,-0.62
5/25/2010,-0.9
5/30/2010,-0.24
6/4/2010,0.32
6/9/2010,0.54
6/14/2010,0.63
6/19/2010,0.54
6/24/2010,1.13
6/29/2010,0.71
7/4/2010,1.28
7/9/2010,1.13
7/14/2010,0.63
7/19/2010,0.63
7/24/2010,0.63
7/29/2010,0.39
8/3/2010,0.17
8/8/2010,0.1
8/13/2010,0.1
8/18/2010,0.24
8/23/2010,0.24
8/28/2010,-0.17
9/2/2010,-0.39
9/7/2010,-0.46
9/12/2010,-0.32
9/17/2010,-0.39
9/22/2010,-0.32
9/27/2010,0.17
10/2/2010,-0.24
10/7/2010,0.17
10/12/2010,0.32
10/17/2010,0.1
10/22/2010,0.1
10/27/2010,0.54
11/1/2010,0.54
11/6/2010,0.24
11/11/2010,0.32
11/16/2010,0.24
11/21/2010,0.32
11/26/2010,0.47
12/1/2010,0.47
12/6/2010,0.32
12/11/2010,0.32
12/16/2010,0.47
12/21/2010,0.1
12/26/2010,0.03
12/31/2010,0.54
1/5/2011,0.24
1/10/2011,-0.1
1/15/2011,0.03
1/20/2011,0.8
1/25/2011,0.54
1/30/2011,0.39
2/4/2011,0.39
2/9/2011,0.32
2/14/2011,0.32
2/19/2011,0.47
2/24/2011,0.63
3/1/2011,0.8
3/6/2011,1.01
3/11/2011,0.9
3/16/2011,0.8
3/21/2011,1.13
3/26/2011,1.28
3/31/2011,0.9
4/5/2011,1.28
4/10/2011,1.45
4/15/2011,1.45
4/20/2011,1.28
4/25/2011,1.13
4/30/2011,1.13
5/5/2011,1.45
5/10/2011,1.69
5/15/2011,2.09
5/20/2011,2.09
5/25/2011,2.09
5/30/2011,2.09
6/4/2011,2.09
6/9/2011,1.69
6/14/2011,1.69
6/19/2011,1.69
6/24/2011,2.09
6/29/2011,1.69
7/4/2011,0.71
7/9/2011,0.71
7/14/2011,0.71
7/19/2011,0.8
7/24/2011,0.9
7/29/2011,0.8
8/3/2011,0.8
8/8/2011,0.63
8/13/2011,0.39
8/18/2011,0.17
8/23/2011,-0.17
8/28/2011,-0.32
9/2/2011,-0.54
9/7/2011,-0.71
9/12/2011,-0.9
9/17/2011,-1.01
9/22/2011,-0.9
9/27/2011,-0.8
10/2/2011,-1.01
10/7/2011,-0.62
10/12/2011,-0.8
10/17/2011,-0.54
10/22/2011,-0.71
10/27/2011,-1.01
11/1/2011,-1.13
11/6/2011,-1.13
11/11/2011,-1.45
11/16/2011,-1.01
11/21/2011,-0.8
11/26/2011,-0.9
12/1/2011,-1.28
12/6/2011,-1.13
12/11/2011,-1.01
12/16/2011,-1.28
12/21/2011,-1.28
12/26/2011,-1.28
12/31/2011,-0.71
1/5/2012,-1.69
1/10/2012,-2.09
1/15/2012,-2.09
1/20/2012,-1.69
1/25/2012,-1.01
1/30/2012,-1.13
2/4/2012,-0.9
2/9/2012,-0.71
2/14/2012,-0.71
2/19/2012,-0.9
2/24/2012,-0.8
2/29/2012,-0.24
3/5/2012,0.03
3/10/2012,-0.17
3/15/2012,0.1
3/20/2012,0.39
3/25/2012,1.13
3/30/2012,1.69
4/4/2012,1.69
4/9/2012,1.69
4/14/2012,2.09
4/19/2012,1.69
4/24/2012,1.45
4/29/2012,1.69
5/4/2012,1.69
5/9/2012,2.09
5/14/2012,1.69
5/19/2012,1.45
5/24/2012,1.45
5/29/2012,1.45
6/3/2012,1.45
6/8/2012,2.09
6/13/2012,2.09
6/18/2012,1.45
6/23/2012,1.28
6/28/2012,0.54
7/3/2012,0.47
7/8/2012,0.47
7/13/2012,0.39
7/18/2012,0.24
7/23/2012,0.47
7/28/2012,0.54
8/2/2012,0.24
8/7/2012,0.32
8/12/2012,0.24
8/17/2012,0.47
8/22/2012,0.32
8/27/2012,0.17
9/1/2012,0.1
9/6/2012,-0.62
9/11/2012,-0.8
9/16/2012,-0.8
9/21/2012,-1.01
9/26/2012,-1.69
10/1/2012,-2.09
10/6/2012,-2.09
10/11/2012,-2.09
10/16/2012,-1.69
10/21/2012,-1.69
10/26/2012,-1.69
10/31/2012,-0.8
11/5/2012,-0.9
11/10/2012,-0.39
11/15/2012,-0.32
11/20/2012,-0.17
11/25/2012,-0.03
11/30/2012,-0.24
12/5/2012,0.17
12/10/2012,0.24
12/15/2012,0.39
12/20/2012,0.63
12/25/2012,0.8
12/30/2012,1.01
1/5/2013,0.8
1/10/2013,1.01
1/15/2013,0.63
1/20/2013,0.54
1/25/2013,0.24
1/30/2013,-0.24
2/4/2013,-0.1
2/9/2013,-0.1
2/14/2013,-0.24
2/19/2013,-0.71
2/24/2013,-0.71
3/1/2013,-0.54
3/6/2013,-0.71
3/11/2013,-0.62
3/16/2013,-0.8
3/21/2013,-0.8
3/26/2013,-1.01
3/31/2013,-1.28
4/5/2013,-1.01
4/10/2013,-1.01
4/15/2013,-0.54
4/20/2013,-0.17
4/25/2013,-0.17
4/30/2013,-0.71
5/5/2013,-0.62
5/10/2013,-0.9
5/15/2013,-1.13
5/20/2013,-1.01
5/25/2013,-1.01
5/30/2013,-0.9
6/4/2013,-1.28
6/9/2013,-1.13
6/14/2013,-1.28
6/19/2013,-1.28
6/24/2013,-0.39
6/29/2013,-0.17
7/4/2013,-0.39
7/9/2013,-0.71
7/14/2013,-1.01
7/19/2013,-1.28
7/24/2013,-1.45
7/29/2013,-1.28
8/3/2013,-1.13
8/8/2013,-1.01
8/13/2013,-0.9
8/18/2013,-0.71
8/23/2013,-0.71
8/28/2013,-0.71
9/2/2013,-0.71
9/7/2013,-0.24
9/12/2013,0.03
9/17/2013,-0.17
9/22/2013,-0.62
9/27/2013,-0.39
10/2/2013,0.24
10/7/2013,0.32
10/12/2013,0.47
10/17/2013,0.39
10/22/2013,0.47
10/27/2013,0.39
11/1/2013,-0.03
11/6/2013,0.03
11/11/2013,-0.1
11/16/2013,-0.03
11/21/2013,0.1
11/26/2013,-0.24
12/1/2013,-0.1
12/6/2013,-0.32
12/11/2013,-0.32
12/16/2013,-0.54
12/21/2013,-0.24
12/26/2013,-1.13
12/31/2013,-1.45
1/5/2014,-1.45
1/10/2014,-1.45
1/15/2014,-1.69
1/20/2014,-2.09
1/25/2014,-1.69
1/30/2014,-1.01
2/4/2014,-1.01
2/9/2014,-0.8
2/14/2014,-1.13
2/19/2014,-0.62
2/24/2014,-0.24
3/1/2014,-0.32
3/6/2014,0.03
3/11/2014,0.24
3/16/2014,0.32
3/21/2014,0.17
3/26/2014,0.1
3/31/2014,0.17
4/5/2014,0.47
4/10/2014,0.24
4/15/2014,0.24
4/20/2014,0.47
4/25/2014,1.01
4/30/2014,0.39
5/5/2014,0.47
5/10/2014,0.39
5/15/2014,0.24
5/20/2014,0.1
5/25/2014,-0.32
5/30/2014,-0.62
6/4/2014,-0.9
6/9/2014,-1.69
6/14/2014,-1.45
6/19/2014,-1.13
6/24/2014,-1.01
6/29/2014,-0.9
7/4/2014,-1.45
7/9/2014,-1.28
7/14/2014,-1.13
7/19/2014,-1.13
7/24/2014,-1.28
7/29/2014,-1.13
8/3/2014,-1.45
8/8/2014,-2.09
8/13/2014,-1.28
8/18/2014,-1.01
8/23/2014,-0.62
8/28/2014,-0.62
9/2/2014,-0.62
9/7/2014,-0.17
9/12/2014,-0.46
9/17/2014,-0.9
9/22/2014,-1.13
9/27/2014,-1.01
10/2/2014,-0.9
10/7/2014,-0.8
10/12/2014,-0.9
10/17/2014,-0.46
10/22/2014,-1.01
10/27/2014,-0.8
11/1/2014,-0.62
11/6/2014,-0.71
11/11/2014,-1.01
11/16/2014,-1.13
11/21/2014,-1.28
11/26/2014,-1.01
12/1/2014,-1.01
12/6/2014,-0.9
12/11/2014,-0.9
12/16/2014,-0.8
12/21/2014,-0.03
12/26/2014,-0.03
12/31/2014,-0.17
1/5/2015,-0.1
1/10/2015,-0.17
1/15/2015,-0.24
1/20/2015,0.24
1/25/2015,0.1
1/30/2015,0.1
2/4/2015,-0.03
2/9/2015,0.39
2/14/2015,0.63
2/19/2015,0.32
2/24/2015,0.1
3/1/2015,-0.1
3/6/2015,-0.32
3/11/2015,-0.39
3/16/2015,-0.39
3/21/2015,-0.62
3/26/2015,-0.46
3/31/2015,-0.54
4/5/2015,-0.62
4/10/2015,-0.54
4/15/2015,-0.24
4/20/2015,-1.01
4/25/2015,-1.01
4/30/2015,-1.13
5/5/2015,-1.28
5/10/2015,-2.09
5/15/2015,-0.8
5/20/2015,-0.8
5/25/2015,-0.54
5/30/2015,-0.71
6/4/2015,-0.24
6/9/2015,-0.39
6/14/2015,-0.71
6/19/2015,-0.8
6/24/2015,-1.69
6/29/2015,-2.09
7/4/2015,-2.09
7/9/2015,-2.09
7/14/2015,-2.09
7/19/2015,-2.09
7/24/2015,-2.09
7/29/2015,-1.69
8/3/2015,-1.69
8/8/2015,-1.45
8/13/2015,-2.09
8/18/2015,-2.09
8/23/2015,-2.09
8/28/2015,-2.09
9/2/2015,-2.09
9/7/2015,-2.09
9/12/2015,-2.09
9/17/2015,-1.69
9/22/2015,-2.09
9/27/2015,-2.09
10/2/2015,-1.45
10/7/2015,-1.13
10/12/2015,-1.45
10/17/2015,-1.45
10/22/2015,-1.28
10/27/2015,-1.45
11/1/2015,-0.9
11/6/2015,-0.8
11/11/2015,-0.32
11/16/2015,-0.46
11/21/2015,-0.54
11/26/2015,-0.62
12/1/2015,-0.8
12/6/2015,-1.01
12/11/2015,-0.24
12/16/2015,0.03
12/21/2015,0.47
12/26/2015,0.47
12/31/2015,0.24
1/5/2016,0.1
1/10/2016,0.1
1/15/2016,0.54
1/20/2016,0.8
1/25/2016,0.8
1/30/2016,0.63
2/4/2016,0.54
2/9/2016,0.24
2/14/2016,0.32
2/19/2016,0.24
2/24/2016,0.24
2/29/2016,0.54
3/5/2016,0.47
3/10/2016,-0.24
3/15/2016,-0.17
3/20/2016,-0.39
3/25/2016,-0.03
3/30/2016,-0.03
4/4/2016,0.03
4/9/2016,-0.03
4/14/2016,-0.03
4/19/2016,-0.39
4/24/2016,-0.39
4/29/2016,-0.24
5/4/2016,-0.17
5/9/2016,-0.39
5/14/2016,-0.39
5/19/2016,-0.17
5/24/2016,0.17
5/29/2016,-0.17
6/3/2016,-0.46
6/8/2016,-0.8
6/13/2016,-1.01
6/18/2016,-0.8
6/23/2016,-1.69
6/28/2016,-1.45
7/3/2016,-1.69
7/8/2016,-0.8
7/13/2016,-0.8
7/18/2016,-0.71
7/23/2016,-0.46
7/28/2016,-0.71
8/2/2016,-0.46
8/7/2016,-0.54
8/12/2016,-0.1
8/17/2016,-0.39
8/22/2016,-0.62
8/27/2016,-0.62
9/1/2016,-0.54
9/6/2016,0.24
9/11/2016,0.17
9/16/2016,0.1
9/21/2016,0.03
9/26/2016,0.17
10/1/2016,0.1
10/6/2016,-0.1
10/11/2016,0.17
10/16/2016,0.71
10/21/2016,1.13
10/26/2016,1.01
10/31/2016,1.28
11/5/2016,1.13
11/10/2016,0.54
11/15/2016,0.9
11/20/2016,0.71
11/25/2016,0.54
11/30/2016,0.63
12/5/2016,0.54
12/10/2016,0.63
12/15/2016,0.63
12/20/2016,0.63
12/25/2016,0.63
12/30/2016,0.63
1/5/2017,0.63
1/10/2017,0.47
1/15/2017,-0.32
1/20/2017,-0.62
1/25/2017,-0.8
1/30/2017,-1.28
2/4/2017,-0.9
2/9/2017,-0.62
2/14/2017,-0.71
2/19/2017,-0.17
2/24/2017,0.1
3/1/2017,0.1
3/6/2017,0.32
3/11/2017,0.63
3/16/2017,1.13
3/21/2017,1.28
3/26/2017,1.45
3/31/2017,1.69
4/5/2017,1.45
4/10/2017,1.13
4/15/2017,1.28
4/20/2017,1.28
4/25/2017,1.45
4/30/2017,1.69
5/5/2017,1.69
5/10/2017,1.45
5/15/2017,1.69
5/20/2017,1.69
5/25/2017,1.45
5/30/2017,1.28
6/4/2017,1.28
6/9/2017,0.54
6/14/2017,0.03
6/19/2017,-0.17
6/24/2017,-0.32
6/29/2017,-0.54
7/4/2017,-0.54
7/9/2017,-0.62
7/14/2017,-0.71
7/19/2017,-0.8
7/24/2017,-0.9
7/29/2017,-0.9
8/3/2017,-1.28
8/8/2017,-1.28
8/13/2017,-1.45
8/18/2017,-2.09
8/23/2017,-2.09
8/28/2017,-1.69
9/2/2017,-2.09
9/7/2017,-2.09
9/12/2017,-2.09
9/17/2017,-2.09
9/22/2017,-2.09
9/27/2017,-1.28
10/2/2017,-1.45
10/7/2017,-1.45
10/12/2017,-0.9
10/17/2017,-0.9
10/22/2017,-0.1
10/27/2017,-0.24
11/1/2017,-0.32
11/6/2017,-0.03
11/11/2017,-0.24
11/16/2017,-0.32
11/21/2017,0.1
11/26/2017,0.1
12/1/2017,0.17
12/6/2017,0.1
12/11/2017,0.1
12/16/2017,0.17
12/21/2017,0.03
12/26/2017,-0.03
12/31/2017,1.13
1/5/2018,0.9
1/10/2018,0.8
1/15/2018,1.13
1/20/2018,0.63
1/25/2018,0.54
1/30/2018,0.8
2/4/2018,0.8
2/9/2018,0.71
2/14/2018,0.9
2/19/2018,0.54
2/24/2018,0.9
3/1/2018,1.01
3/6/2018,1.13
3/11/2018,1.01
3/16/2018,1.01
3/21/2018,0.71
3/26/2018,0.8
3/31/2018,-0.03
4/5/2018,0.17
4/10/2018,0.32
4/15/2018,0.24
4/20/2018,0.1
4/25/2018,0.17
4/30/2018,0.24
5/5/2018,-0.03
5/10/2018,0.03
5/15/2018,-0.24
5/20/2018,-0.17
5/25/2018,-0.39
5/30/2018,-0.8
6/4/2018,-0.8
6/9/2018,-0.46
6/14/2018,-0.32
6/19/2018,-0.32
6/24/2018,-0.32
6/29/2018,-0.1
7/4/2018,-0.54
7/9/2018,-0.8
7/14/2018,-1.45
7/19/2018,-0.9
7/24/2018,-0.71
7/29/2018,-0.71
8/3/2018,-0.54
8/8/2018,-1.01
8/13/2018,-1.13
8/18/2018,-1.28
8/23/2018,-1.13
8/28/2018,-0.9
9/2/2018,-1.01
9/7/2018,-1.13
9/12/2018,-1.28
9/17/2018,-1.28
9/22/2018,-1.69
9/27/2018,-1.28
10/2/2018,-1.69
10/7/2018,-1.45
10/12/2018,-1.28
10/17/2018,-1.13
10/22/2018,-1.28
10/27/2018,-1.28
11/1/2018,-1.28
11/6/2018,-1.13
11/11/2018,-1.28
11/16/2018,-1.01
11/21/2018,-1.28
11/26/2018,-1.28
12/1/2018,-1.28
12/6/2018,-1.13
12/11/2018,-1.01
12/16/2018,-1.13
12/21/2018,-0.9
12/26/2018,-0.62
12/31/2018,-0.24
1/5/2019,-0.62
1/10/2019,-0.62
1/15/2019,-0.62
1/20/2019,-0.32
1/25/2019,-0.24
1/30/2019,-0.54
2/4/2019,-0.1
2/9/2019,0.17
2/14/2019,1.01
2/19/2019,1.28
2/24/2019,1.13
3/1/2019,1.01
3/6/2019,1.13
3/11/2019,1.01
3/16/2019,1.13
3/21/2019,0.63
3/26/2019,0.24
3/31/2019,0.1
4/5/2019,0.24
4/10/2019,1.28
4/15/2019,1.45
4/20/2019,1.28
4/25/2019,1.01
4/30/2019,1.01
5/5/2019,0.63
5/10/2019,0.17
5/15/2019,-0.39
5/20/2019,-0.39
5/25/2019,-0.17
5/30/2019,-0.17
6/4/2019,-0.39
6/9/2019,-0.03
6/14/2019,-0.32
6/19/2019,-0.32
6/24/2019,-0.24
6/29/2019,0.03
7/4/2019,-0.1
7/9/2019,-1.45
7/14/2019,-1.45
7/19/2019,-0.9
7/24/2019,-0.8
7/29/2019,-0.8
8/3/2019,-0.62
8/8/2019,-0.71
8/13/2019,-0.24
8/18/2019,-0.71
8/23/2019,-0.8
8/28/2019,-0.8
9/2/2019,-0.9
9/7/2019,-1.01
9/12/2019,-0.71
9/17/2019,-0.54
9/22/2019,-0.32
9/27/2019,-0.39
10/2/2019,0.1
10/7/2019,-0.1
10/12/2019,-0.03
10/17/2019,-0.24
10/22/2019,0.71
10/27/2019,0.8
11/1/2019,0.24
11/6/2019,0.17
11/11/2019,-0.24
11/16/2019,-0.32
11/21/2019,-0.32
11/26/2019,-0.54
12/1/2019,-0.8
12/6/2019,-1.01
12/11/2019,-1.01
12/16/2019,-1.01
12/21/2019,-1.28
12/26/2019,-1.28
12/31/2019,-2.09
1/5/2020,-1.69
1/10/2020,-1.01
1/15/2020,-0.62
1/20/2020,-2.09
1/25/2020,-1.45
1/30/2020,-0.8
2/4/2020,-0.71
2/9/2020,0.32
2/14/2020,0.47
2/19/2020,0.32
2/24/2020,0.39
2/29/2020,0.54
3/5/2020,0.54
3/10/2020,0.32
3/15/2020,0.17
3/20/2020,0.17
3/25/2020,0.1
3/30/2020,0.1
4/4/2020,0.39
4/9/2020,-0.1
4/14/2020,-0.32
4/19/2020,-0.46
4/24/2020,-0.8
4/29/2020,-1.45
5/4/2020,-1.69
5/9/2020,-2.09
5/14/2020,-2.09
5/19/2020,-2.09
5/24/2020,-1.01
5/29/2020,-0.9
6/3/2020,-0.71
6/8/2020,-0.62
6/13/2020,-0.1
6/18/2020,0.1
6/23/2020,0.17
6/28/2020,0.17
7/3/2020,0.17
7/8/2020,0.24
7/13/2020,0.32
7/18/2020,0.32
7/23/2020,0.39
7/28/2020,0.63
8/2/2020,0.63
8/7/2020,0.71
8/12/2020,0.71
8/17/2020,0.17
8/22/2020,-0.46
8/27/2020,-0.24
9/1/2020,-0.54
9/6/2020,-0.62
9/11/2020,-1.01
9/16/2020,-1.13
9/21/2020,-0.9
9/26/2020,-0.8
10/1/2020,-1.13
10/6/2020,-1.69
10/11/2020,-1.01
10/16/2020,-0.9
10/21/2020,-0.32
10/26/2020,-0.24
10/31/2020,-0.54
11/5/2020,-0.17
11/10/2020,-0.17
11/15/2020,-0.24
11/20/2020,-0.1
11/25/2020,-0.32
11/30/2020,-0.32
12/5/2020,-0.39
12/10/2020,-0.32
12/15/2020,-0.03
12/20/2020,-0.03
12/25/2020,-0.1
12/30/2020,0.03
1/5/2021,0.63
1/10/2021,0.1
1/15/2021,0.47
1/20/2021,-0.03
1/25/2021,-0.39
1/30/2021,0.03
2/4/2021,-0.32
2/9/2021,-0.62
2/14/2021,-0.24
2/19/2021,0.03
2/24/2021,0.1
3/1/2021,0.39
3/6/2021,0.47
3/11/2021,0.1
3/16/2021,-0.17
3/21/2021,-0.17
3/26/2021,-0.1
3/31/2021,-0.62
4/5/2021,-0.9
4/10/2021,-0.9
4/15/2021,-1.45
4/20/2021,-2.09
4/25/2021,-2.09
4/30/2021,-2.09
5/5/2021,-2.09
5/10/2021,-2.09
5/15/2021,-2.09
5/20/2021,-2.09
5/25/2021,-2.09
5/30/2021,-2.09
6/4/2021,-2.09
6/9/2021,-2.09
6/14/2021,-2.09
6/19/2021,-2.09
6/24/2021,-2.09
6/29/2021,-2.09
7/4/2021,-2.09
7/9/2021,-2.09
7/14/2021,-2.09
7/19/2021,-2.09
7/24/2021,-2.09
7/29/2021,-2.09
8/3/2021,-2.09
8/8/2021,-2.09
8/13/2021,-2.09
8/18/2021,-2.09
8/23/2021,-2.09
8/28/2021,-2.09
9/2/2021,-2.09
9/7/2021,-2.09
9/12/2021,-2.09
9/17/2021,-2.09
9/22/2021,-2.09
9/27/2021,-1.28
10/2/2021,-1.01
10/7/2021,-1.13
10/12/2021,-1.01
10/17/2021,-0.9
10/22/2021,-0.71
10/27/2021,-0.54
11/1/2021,-0.46
11/6/2021,-0.03
11/11/2021,-0.1
11/16/2021,0.1
11/21/2021,0.1
11/26/2021,0.03
12/1/2021,-0.1
12/6/2021,0.17
12/11/2021,0.63
12/16/2021,0.63
12/21/2021,0.9
12/26/2021,1.13
12/31/2021,1.13
1/5/2022,1.01
1/10/2022,1.28
1/15/2022,1.28
1/20/2022,1.13
1/25/2022,0.9
1/30/2022,0.9
2/4/2022,0.71
2/9/2022,0.24
2/14/2022,0.1
2/19/2022,-0.17
2/24/2022,-0.03
3/1/2022,0.1
3/6/2022,0.24
3/11/2022,-0.32
3/16/2022,-0.17
3/21/2022,-0.39
3/26/2022,-0.62
3/31/2022,-0.9
4/5/2022,-0.9
4/10/2022,-1.13
4/15/2022,-0.8
4/20/2022,-1.01
4/25/2022,-0.8
4/30/2022,-0.54
5/5/2022,-0.24
5/10/2022,-0.1
5/15/2022,0.17
5/20/2022,0.54
5/25/2022,0.32
5/30/2022,0.17
6/4/2022,0.24
6/9/2022,0.24
6/14/2022,1.01
6/19/2022,1.13
6/24/2022,1.45
6/29/2022,1.69
7/4/2022,2.09
7/9/2022,1.69
7/14/2022,1.45
7/19/2022,1.13
7/24/2022,1.45
7/29/2022,1.01
8/3/2022,1.13
8/8/2022,0.71
8/13/2022,0.54
8/18/2022,0.63
8/23/2022,0.71
8/28/2022,0.71
9/2/2022,0.24
9/7/2022,0.32
9/12/2022,-1.28
9/17/2022,-1.28
9/22/2022,-0.9
9/27/2022,-0.8
10/2/2022,-0.54
10/7/2022,-0.71
10/12/2022,-0.9
10/17/2022,-1.01
10/22/2022,-0.71
10/27/2022,-0.54
11/1/2022,-0.32
11/6/2022,0.71
11/11/2022,0.32
11/16/2022,0.1
11/21/2022,-0.03
11/26/2022,0.1
12/1/2022,0.47
12/6/2022,0.71
12/11/2022,1.01
12/16/2022,0.63
12/21/2022,0.9
12/26/2022,1.69
12/31/2022,1.13
1/5/2023,0.8
1/10/2023,1.01
1/15/2023,1.13
1/20/2023,0.8
1/25/2023,0.63
1/30/2023,0.32
2/4/2023,-0.62
2/9/2023,-0.39
2/14/2023,-0.24
2/19/2023,-0.24
2/24/2023,-0.24
3/1/2023,-0.32
3/6/2023,-0.24
3/11/2023,-0.39
3/16/2023,-0.17
3/21/2023,-0.46
3/26/2023,-1.45
3/31/2023,-2.09
4/5/2023,-1.45
4/10/2023,-1.28
4/15/2023,-1.28
4/20/2023,-1.01
4/25/2023,-1.01
4/30/2023,-1.45
5/5/2023,-0.8
5/10/2023,-0.54
5/15/2023,-0.71
5/20/2023,-1.01
5/25/2023,-1.01
5/30/2023,-1.13
6/4/2023,-1.45
6/9/2023,-1.28
6/14/2023,-1.45
6/19/2023,-2.09
6/24/2023,-2.09
6/29/2023,-1.69
7/4/2023,-2.09
7/9/2023,-2.09
7/14/2023,-2.09
7/19/2023,-2.09
7/24/2023,-2.09
7/29/2023,-2.09
8/3/2023,-2.09
8/8/2023,-2.09
8/13/2023,-2.09
8/18/2023,-2.09
8/23/2023,-1.69
8/28/2023,-1.69
9/2/2023,-1.28
9/7/2023,-1.01
9/12/2023,-1.13
9/17/2023,-1.13
9/22/2023,-0.62
9/27/2023,-0.46
10/2/2023,0.1
10/7/2023,0.17
10/12/2023,0.32
10/17/2023,0.1
10/22/2023,0.24
10/27/2023,0.39
11/1/2023,0.39
11/6/2023,0.71
11/11/2023,0.32
11/16/2023,0.47
11/21/2023,0.1
11/26/2023,-0.03
12/1/2023,-0.32
12/6/2023,-0.32
12/11/2023,0.1
12/16/2023,0.17
12/21/2023,-0.1
12/26/2023,-0.24
12/31/2023,-0.62
1/5/2024,-0.9
1/10/2024,-0.71
1/15/2024,-0.62
1/20/2024,-0.24
1/25/2024,-0.62
1/30/2024,-0.62
2/4/2024,-1.13
2/9/2024,-0.8
2/14/2024,-0.9
2/19/2024,-0.62
2/24/2024,-0.62
2/29/2024,-0.39
3/5/2024,-0.46
3/10/2024,-0.8
3/15/2024,-0.62
3/20/2024,-0.8
3/25/2024,-0.9
3/30/2024,-0.62
4/4/2024,-0.24
4/9/2024,-0.32
4/14/2024,-0.24
4/19/2024,-0.71
4/24/2024,-1.45
4/29/2024,-0.8
5/4/2024,-0.9
5/9/2024,-0.54
5/14/2024,-0.8
5/19/2024,-1.13
5/24/2024,-1.01
5/29/2024,-1.13
6/3/2024,-0.8
6/8/2024,-0.8
6/13/2024,-1.01
6/18/2024,-0.71
6/23/2024,-1.01
6/28/2024,-1.13
7/3/2024,-1.69
7/8/2024,-1.69
7/13/2024,-1.69
7/18/2024,-1.28
7/23/2024,-1.13
7/28/2024,-1.01
8/2/2024,-1.28
8/7/2024,-1.28
8/12/2024,-1.28
8/17/2024,-1.01
8/22/2024,-1.13
8/27/2024,-0.9
9/1/2024,-1.28
9/6/2024,-1.13
9/11/2024,-0.9
9/16/2024,-0.71
9/21/2024,-0.54
9/26/2024,-0.54
10/1/2024,-0.62
10/6/2024,-0.62
10/11/2024,-0.46
10/16/2024,-0.32
10/21/2024,-0.1
10/26/2024,-0.24
10/31/2024,-0.32
11/5/2024,-0.17
11/10/2024,-0.32
11/15/2024,-0.32
11/20/2024,-0.24
11/25/2024,-0.17
11/30/2024,-0.32
