Year ,Month,Day,MaxTempC,MinTempC,
2016,1,1,-7.222222222,-18.88888889,
2016,1,2,-13.33333333,-21.11111111,
2016,1,3,-14.44444444,-15,
2016,1,4,-7.222222222,-10.55555556,
2016,1,5,-3.888888889,-7.222222222,
2016,1,6,-1.111111111,-6.666666667,
2016,1,7,-1.111111111,-3.888888889,
2016,1,8,1.666666667,-4.444444444,
2016,1,9,2.777777778,-4.444444444,
2016,1,10,1.111111111,-10,
2016,1,11,-5,-17.77777778,
2016,1,12,-9.444444444,-10,
2016,1,13,-3.888888889,-9.444444444,
2016,1,14,1.111111111,-2.777777778,
2016,1,15,0.555555556,-7.777777778,
2016,1,16,-1.111111111,-11.66666667,
2016,1,17,-3.333333333,-5.555555556,
2016,1,18,0,-1.111111111,
2016,1,19,3.888888889,-6.666666667,
2016,1,20,0.555555556,-7.222222222,
2016,1,21,3.333333333,-8.333333333,
2016,1,22,1.111111111,-9.444444444,
2016,1,23,0.555555556,-9.444444444,
2016,1,24,2.222222222,-3.333333333,
2016,1,25,3.333333333,-8.333333333,
2016,1,26,-0.555555556,-12.77777778,
2016,1,27,-2.777777778,-12.22222222,
2016,1,28,1.666666667,-8.888888889,
2016,1,29,1.111111111,-3.333333333,
2016,1,30,2.222222222,-6.666666667,
2016,1,31,0.555555556,-6.666666667,
2016,2,1,1.111111111,-7.222222222,
2016,2,2,-1.111111111,-7.777777778,
2016,2,3,-1.666666667,-11.66666667,
2016,2,4,-1.666666667,-6.111111111,
2016,2,5,2.222222222,-4.444444444,
2016,2,6,3.333333333,-2.222222222,
2016,2,7,7.222222222,-7.222222222,
2016,2,8,3.888888889,-6.666666667,
2016,2,9,5,-9.444444444,
2016,2,10,3.888888889,-9.444444444,
2016,2,11,3.888888889,-2.222222222,
2016,2,12,5,-0.555555556,
2016,2,13,6.666666667,3.333333333,
2016,2,14,8.333333333,0.555555556,
2016,2,15,7.222222222,1.111111111,
2016,2,16,5,0,
2016,2,17,7.222222222,-1.111111111,
2016,2,18,7.222222222,2.777777778,
2016,2,19,8.333333333,0,
2016,2,20,10,-1.666666667,
2016,2,21,4.444444444,-5.555555556,
2016,2,22,5.555555556,1.666666667,
2016,2,23,5.555555556,-7.777777778,
2016,2,24,3.333333333,-6.666666667,
2016,2,25,6.111111111,-5.555555556,
2016,2,26,7.222222222,-5.555555556,
2016,2,27,8.888888889,1.666666667,
2016,2,28,11.11111111,-1.666666667,
2016,2,29,12.22222222,0.555555556,
2016,3,1,7.222222222,-0.555555556,
2016,3,2,11.66666667,0.555555556,
2016,3,3,11.66666667,0,
2016,3,4,11.11111111,-3.333333333,
2016,3,5,10.55555556,1.666666667,
2016,3,6,14.44444444,3.333333333,
2016,3,7,7.777777778,-1.111111111,
2016,3,8,7.777777778,1.111111111,
2016,3,9,4.444444444,1.111111111,
2016,3,10,10,4.444444444,
2016,3,11,12.22222222,3.888888889,
2016,3,12,11.11111111,2.777777778,
2016,3,13,13.33333333,2.222222222,
2016,3,14,10.55555556,0,
2016,3,15,4.444444444,-2.777777778,
2016,3,16,4.444444444,-2.222222222,
2016,3,17,8.333333333,-2.777777778,
2016,3,18,4.444444444,-6.111111111,
2016,3,19,7.222222222,-3.888888889,
2016,3,20,14.44444444,5.555555556,
2016,3,21,15.55555556,6.111111111,
2016,3,22,15.55555556,2.222222222,
2016,3,23,6.666666667,0.555555556,
2016,3,24,10.55555556,3.888888889,
2016,3,25,8.333333333,-0.555555556,
2016,3,26,11.66666667,-1.666666667,
2016,3,27,4.444444444,-3.333333333,
2016,3,28,10,-1.666666667,
2016,3,29,9.444444444,3.333333333,
2016,3,30,12.77777778,4.444444444,
2016,3,31,18.33333333,0.555555556,
2016,4,1,15,-0.555555556,
2016,4,2,20,-0.555555556,
2016,4,3,21.66666667,-0.555555556,
2016,4,4,17.284,1.548,
2016,4,5,14.134,0.232,
2016,4,6,22.22222222,-1.111111111,
2016,4,7,22.22222222,0,
2016,4,8,26.66666667,1.111111111,
2016,4,9,27.77777778,1.666666667,
2016,4,10,26.11111111,3.333333333,
2016,4,11,23.88888889,3.333333333,
2016,4,12,23.88888889,3.333333333,
2016,4,13,23.33333333,3.333333333,
2016,4,14,15,4.444444444,
2016,4,15,13.33333333,2.222222222,
2016,4,16,11.11111111,0,
2016,4,17,18.33333333,1.111111111,
2016,4,18,21.66666667,0.555555556,
2016,4,19,22.77777778,0.555555556,
2016,4,20,25.55555556,1.666666667,
2016,4,21,27.77777778,2.222222222,
2016,4,22,28.33333333,5,
2016,4,23,22.22222222,12.22222222,
2016,4,24,12.77777778,6.111111111,
2016,4,25,15,6.666666667,
2016,4,26,10.55555556,6.666666667,
2016,4,27,16.66666667,0.555555556,
2016,4,28,19.44444444,6.666666667,
2016,4,29,12.77777778,3.888888889,
2016,4,30,12.77777778,2.222222222,
2016,5,1,14.44444444,3.333333333,
2016,5,2,21.66666667,3.333333333,
2016,5,3,25.55555556,4.444444444,
2016,5,4,22.77777778,5,
2016,5,5,25,9.444444444,
2016,5,6,22.22222222,10,
2016,5,7,23.88888889,9.444444444,
2016,5,8,26.66666667,10,
2016,5,9,15,9.444444444,
2016,5,10,5.555555556,3.888888889,
2016,5,11,11.11111111,3.333333333,
2016,5,12,15.55555556,0.555555556,
2016,5,13,20,4.444444444,
2016,5,14,20,3.888888889,
2016,5,15,28.33333333,11.66666667,
2016,5,16,21.11111111,10,
2016,5,17,17.77777778,7.222222222,
2016,5,18,18.33333333,9.444444444,
2016,5,19,23.33333333,5.555555556,
2016,5,20,26.66666667,7.222222222,
2016,5,21,15,7.222222222,
2016,5,22,12.22222222,7.222222222,
2016,5,23,13.33333333,5.555555556,
2016,5,24,14.44444444,6.666666667,
2016,5,25,18.33333333,5.555555556,
2016,5,26,20,7.777777778,
2016,5,27,21.66666667,8.333333333,
2016,5,28,17.77777778,7.777777778,
2016,5,29,22.22222222,6.111111111,
2016,5,30,23.88888889,10.55555556,
2016,5,31,23.33333333,3.888888889,
2016,6,1,26.11111111,6.111111111,
2016,6,2,29.44444444,8.888888889,
2016,6,3,22.77777778,6.666666667,
2016,6,4,28.88888889,8.333333333,
2016,6,5,34.44444444,10,
2016,6,6,36.11111111,17.77777778,
2016,6,7,32.22222222,10,
2016,6,8,32.77777778,11.66666667,
2016,6,9,34.44444444,11.11111111,
2016,6,10,28.88888889,7.777777778,
2016,6,11,30.55555556,10,
2016,6,12,22.22222222,5,
2016,6,13,26.66666667,6.111111111,
2016,6,14,27.22222222,10,
2016,6,15,16.11111111,10,
2016,6,16,15.55555556,6.111111111,
2016,6,17,16.11111111,5.555555556,
2016,6,18,23.88888889,10,
2016,6,19,28.33333333,9.444444444,
2016,6,20,27.77777778,9.444444444,
2016,6,21,34.44444444,14.44444444,
2016,6,22,31.66666667,11.11111111,
2016,6,23,32.22222222,15.55555556,
2016,6,24,23.88888889,7.222222222,
2016,6,25,26.66666667,11.11111111,
2016,6,26,32.22222222,12.22222222,
2016,6,27,35.55555556,15,
2016,6,28,36.66666667,17.22222222,
2016,6,29,34.44444444,19.44444444,
2016,6,30,30.55555556,12.77777778,
2016,7,1,34.44444444,12.22222222,
2016,7,2,33.88888889,15.55555556,
2016,7,3,32.22222222,11.66666667,
2016,7,4,32.22222222,12.22222222,
2016,7,5,27.77777778,13.88888889,
2016,7,6,27.77777778,7.222222222,
2016,7,7,28.33333333,8.888888889,
2016,7,8,29.44444444,11.66666667,
2016,7,9,27.77777778,14.44444444,
2016,7,10,22.22222222,12.77777778,
2016,7,11,17.77777778,7.222222222,
2016,7,12,21.66666667,9.444444444,
2016,7,13,21.66666667,8.333333333,
2016,7,14,27.22222222,8.888888889,
2016,7,15,31.11111111,11.11111111,
2016,7,16,36.66666667,12.77777778,
2016,7,17,28.33333333,11.66666667,
2016,7,18,29.44444444,11.66666667,
2016,7,19,34.44444444,14.44444444,
2016,7,20,33.88888889,17.22222222,
2016,7,21,33.33333333,12.22222222,
2016,7,22,36.66666667,15.55555556,
2016,7,23,32.22222222,14.44444444,
2016,7,24,29.44444444,12.77777778,
2016,7,25,35,14.44444444,
2016,7,26,35.55555556,16.11111111,
2016,7,27,33.88888889,12.77777778,
2016,7,28,35.55555556,17.22222222,
2016,7,29,35,15,
2016,7,30,36.66666667,17.22222222,
2016,7,31,36.66666667,12.77777778,
2016,8,1,33.88888889,11.66666667,
2016,8,2,35.55555556,10,
2016,8,3,35,11.11111111,
2016,8,4,28.88888889,8.888888889,
2016,8,5,33.88888889,11.11111111,
2016,8,6,31.66666667,12.77777778,
2016,8,7,29.44444444,10,
2016,8,8,26.11111111,7.222222222,
2016,8,9,30,8.333333333,
2016,8,10,25,7.222222222,
2016,8,11,26.11111111,8.333333333,
2016,8,12,28.33333333,9.444444444,
2016,8,13,31.11111111,10,
2016,8,14,32.22222222,10.55555556,
2016,8,15,33.33333333,11.66666667,
2016,8,16,35,12.22222222,
2016,8,17,35,12.77777778,
2016,8,18,30.55555556,13.88888889,
2016,8,19,33.88888889,9.444444444,
2016,8,20,35.55555556,10.55555556,
2016,8,21,34.44444444,11.11111111,
2016,8,22,32.22222222,11.11111111,
2016,8,23,28.88888889,10,
2016,8,24,26.11111111,10,
2016,8,25,26.66666667,10,
2016,8,26,27.22222222,8.333333333,
2016,8,27,28.88888889,7.777777778,
2016,8,28,31.11111111,10,
2016,8,29,30.55555556,9.444444444,
2016,8,30,32.22222222,13.88888889,
2016,8,31,36.11111111,13.33333333,
2016,9,1,31.66666667,10,
2016,9,2,31.11111111,11.11111111,
2016,9,3,22.77777778,9.444444444,
2016,9,4,23.33333333,7.777777778,
2016,9,5,20.55555556,11.11111111,
2016,9,6,18.88888889,3.888888889,
2016,9,7,22.77777778,10.55555556,
2016,9,8,21.66666667,15.55555556,
2016,9,9,23.88888889,7.777777778,
2016,9,10,24.44444444,4.444444444,
2016,9,11,30,6.666666667,
2016,9,12,25.55555556,10.55555556,
2016,9,13,21.11111111,7.777777778,
2016,9,14,21.66666667,8.333333333,
2016,9,15,10,7.222222222,
2016,9,16,21.66666667,3.888888889,
2016,9,17,26.11111111,6.666666667,
2016,9,18,22.77777778,12.22222222,
2016,9,19,24.44444444,9.444444444,
2016,9,20,26.11111111,7.222222222,
2016,9,21,26.11111111,8.333333333,
2016,9,22,26.11111111,10,
2016,9,23,15.55555556,10,
2016,9,24,15.55555556,9.444444444,
2016,9,25,17.77777778,4.444444444,
2016,9,26,22.22222222,5,
2016,9,27,26.11111111,5,
2016,9,28,28.33333333,5,
2016,9,29,28.88888889,7.777777778,
2016,9,30,26.66666667,8.333333333,
2016,10,1,26.11111111,10,
2016,10,2,22.22222222,0.555555556,
2016,10,3,14.44444444,7.222222222,
2016,10,4,10,3.888888889,
2016,10,5,11.66666667,3.333333333,
2016,10,6,12.77777778,3.888888889,
2016,10,7,12.77777778,3.333333333,
2016,10,8,14.44444444,5,
2016,10,9,21.11111111,3.333333333,
2016,10,10,23.88888889,16.66666667,
2016,10,11,20.55555556,7.222222222,
2016,10,12,12.77777778,-3.333333333,
2016,10,13,14.44444444,1.666666667,
2016,10,14,17.22222222,8.888888889,
2016,10,15,13.942,4.934,
2016,10,16,13.654,5.86,
2016,10,17,12.787,3.788,
2016,10,18,9.176,3.155,
2016,10,19,11.139,0.893,
2016,10,20,11.334,0.01,
2016,10,21,14.996,4.311,
2016,10,22,14.9,5.86,
2016,10,23,14.804,2.195,
2016,10,24,10.944,2.41,
2016,10,25,13.942,4.207,
2016,10,26,15.473,6.37,
2016,10,27,15.951,3.578,
2016,10,28,14.9,7.582,
2016,10,29,15.664,4.311,
2016,10,30,10.259,5.347,
2016,10,31,11.916,4.311,
2016,11,1,9.866,3.367,
2016,11,2,13.75,-0.325,
2016,11,3,11.722,-1.114,
2016,11,4,9.965,-2.03,
2016,11,5,10.846,-2.727,
2016,11,6,16.713,-0.549,
2016,11,7,11.819,-0.213,
2016,11,8,12.594,-0.437,
2016,11,9,11.916,-1.001,
2016,11,10,10.455,-1.57,
2016,11,11,9.965,-2.03,
2016,11,12,9.472,-1.001,
2016,11,13,10.455,-0.549,
2016,11,14,11.916,5.757,
2016,11,15,8.382,4.519,
2016,11,16,24.062,-0.549,
2016,11,17,5.45,-3.792,
2016,11,18,0.784,-6.882,
2016,11,19,2.73,-3.197,
2016,11,20,4.207,-1.57,
2016,11,21,6.37,-1.001,
2016,11,22,3.367,-3.079,
2016,11,23,5.962,-1.114,
2016,11,24,3.049,-4.152,
2016,11,25,6.674,-2.494,
2016,11,26,3.683,-4.031,
2016,11,27,5.244,-2.61,
2016,11,28,4.519,-0.549,
2016,11,29,2.943,-4.272,
2016,11,30,-1.228,-5.62,
2016,12,1,1.656,-2.844,
2016,12,2,0.674,-3.079,
2016,12,3,4.934,-1.456,
2016,12,4,1.003,-4.272,
2016,12,5,-3.316,-11.487,
2016,12,6,-6.373,-10.916,
2016,12,7,-3.553,-14.178,
2016,12,8,-8.58,-16.098,
2016,12,9,-5.62,-9.525,
2016,12,10,-0.437,-5.62,
2016,12,11,-1.57,-8.182,
2016,12,12,-0.662,-9.525,
2016,12,13,-6.246,-14.806,
2016,12,14,-6.754,-13.562,
2016,12,15,-2.844,-7.657,
2016,12,16,-2.261,-14.49,
2016,12,17,-14.023,-22.911,
2016,12,18,-12.509,-23.119,
2016,12,19,-7.787,-18.142,
2016,12,20,2.517,-8.847,
2016,12,21,-6.882,-17.446,
2016,12,22,-9.799,-19.217,
2016,12,23,-9.799,-18.854,
2016,12,24,-2.145,-13.107,
2016,12,25,-1.456,-5.62,
2016,12,26,-5.496,-15.446,
2016,12,27,-3.079,-12.068,
2016,12,28,-0.213,-14.648,
2016,12,29,-5.249,-15.77,
2016,12,30,-4.031,-12.956,
2016,12,31,-9.252,-17.792,
2017,1,1,-10.634,-19.77,
2017,1,2,-7.267,-16.597,
2017,1,3,-7.918,-17.274,
2017,1,4,-8.58,-19.956,
2017,1,5,-15.77,-24.187,
2017,1,6,-15.124,-23.329,
2017,1,7,-13.715,-25.299,
2017,1,8,-6.373,-13.715,
2017,1,9,4.311,-6.882,
2017,1,10,-1.114,-7.397,
2017,1,11,1.112,-6.626,
2017,1,12,-6.882,-19.584,
2017,1,13,-8.447,-22.092,
2017,1,14,-13.409,-23.541,
2017,1,15,-14.965,-25.757,
2017,1,16,-14.178,-25.757,
2017,1,17,-12.068,-22.498,
2017,1,18,-6.246,-17.792,
2017,1,19,-0.437,-7.918,
2017,1,20,1.003,-10.075,
2017,1,21,-0.549,-9.388,
2017,1,22,-1.914,-10.774,
2017,1,23,-3.672,-6.754,
2017,1,24,-1.456,-11.776,
2017,1,25,-5.003,-13.258,
2017,1,26,-2.261,-11.922,
2017,1,27,-5.496,-16.934,
2017,1,28,15.473,-17.966,
2017,1,29,-4.393,-15.77,
2017,1,30,-2.03,-11.776,
2017,1,31,-0.213,-4.88,
2017,2,1,0.232,-5.62,
2017,2,2,-4.758,-13.562,
2017,2,3,-4.393,-10.916,
2017,2,4,3.788,-5.87,
2017,2,5,8.879,0.343,
2017,2,6,6.166,0.232,
2017,2,7,1.656,-3.316,
2017,2,8,5.347,-2.03,
2017,2,9,4.102,0.784,
2017,2,10,9.176,-0.325,
2017,2,11,5.244,-6.499,
2017,2,12,0.343,-10.214,
2017,2,13,1.98,-10.634,
2017,2,14,2.624,-10.493,
2017,2,15,4.415,-10.493,
2017,2,16,6.573,0.232,
2017,2,17,7.582,-0.437,
2017,2,18,7.782,0.453,
2017,2,19,8.581,0.453,
2017,2,20,6.064,0.121,
2017,2,21,6.775,1.112,
2017,2,22,6.877,-0.325,
2017,2,23,1.112,-3.079,
2017,2,24,1.221,-4.031,
2017,2,25,0.453,-8.314,
2017,2,26,1.439,-7.01,
2017,2,27,2.41,-6.499,
2017,2,28,1.003,-7.01,
2017,3,1,7.682,-3.792,
2017,3,2,5.552,-7.01,
2017,3,3,12.69,-4.152,
2017,3,4,6.268,1.003,
2017,3,5,4.102,-1.684,
2017,3,6,3.788,-5.249,
2017,3,7,4.934,-4.031,
2017,3,8,9.768,0.784,
2017,3,9,10.944,1.872,
2017,3,10,14.23,1.221,
2017,3,11,9.866,-2.145,
2017,3,12,14.038,-0.662,
2017,3,13,14.134,1.003,
2017,3,14,18.331,3.683,
2017,3,15,19.567,1.548,
2017,3,16,13.461,3.367,
2017,3,17,17.189,-1.57,
2017,3,18,18.711,1.764,
2017,3,19,10.455,4.519,
2017,3,20,10.55555556,2.222222222,
2017,3,21,12.77777778,3.333333333,
2017,3,22,17.22222222,0.555555556,
2017,3,23,15.55555556,4.444444444,
2017,3,24,14.44444444,-1.111111111,
2017,3,25,15,1.111111111,
2017,3,26,12.77777778,-1.666666667,
2017,3,27,12.22222222,1.111111111,
2017,3,28,10,1.111111111,
2017,3,29,13.33333333,0,
2017,3,30,12.22222222,3.333333333,
2017,3,31,6.666666667,1.111111111,
2017,4,1,12.22222222,-0.555555556,
2017,4,2,15.55555556,5.555555556,
2017,4,3,12.22222222,-2.222222222,
2017,4,4,6.666666667,-3.888888889,
2017,4,5,12.77777778,0,
2017,4,6,18.33333333,3.333333333,
2017,4,7,18.33333333,3.888888889,
2017,4,8,12.77777778,1.111111111,
2017,4,9,10.55555556,0,
2017,4,10,10,-2.777777778,
2017,4,11,10.55555556,-3.888888889,
2017,4,12,13.33333333,-3.888888889,
2017,4,13,20,4.444444444,
2017,4,14,10.55555556,1.666666667,
2017,4,15,7.777777778,-3.888888889,
2017,4,16,10,-2.222222222,
2017,4,17,17.77777778,4.444444444,
2017,4,18,15.55555556,6.111111111,
2017,4,19,15,1.111111111,
2017,4,20,16.66666667,1.666666667,
2017,4,21,12.22222222,0.555555556,
2017,4,22,10.55555556,-1.666666667,
2017,4,23,20,-0.555555556,
2017,4,24,12.22222222,2.777777778,
2017,4,25,12.77777778,2.222222222,
2017,4,26,13.88888889,3.888888889,
2017,4,27,11.66666667,2.222222222,
2017,4,28,8.888888889,2.222222222,
2017,4,29,11.11111111,-2.222222222,
2017,4,30,17.77777778,0,
2017,5,1,15.55555556,3.333333333,
2017,5,2,16.11111111,4.444444444,
2017,5,3,18.33333333,0.555555556,
2017,5,4,18.88888889,3.333333333,
2017,5,5,29.44444444,5.555555556,
2017,5,6,26.11111111,6.111111111,
2017,5,7,22.22222222,8.333333333,
2017,5,8,10.55555556,-0.555555556,
2017,5,9,21.66666667,0.555555556,
2017,5,10,23.88888889,3.333333333,
2017,5,11,27.22222222,5,
2017,5,12,27.22222222,6.111111111,
2017,5,13,19.44444444,1.666666667,
2017,5,14,10.55555556,1.111111111,
2017,5,15,15,2.222222222,
2017,5,16,17.22222222,1.111111111,
2017,5,17,13.88888889,0,
2017,5,18,5.555555556,0.555555556,
2017,5,19,16.11111111,3.333333333,
2017,5,20,20,5,
2017,5,21,18.33333333,3.333333333,
2017,5,22,25,5,
2017,5,23,27.22222222,6.111111111,
2017,5,24,29.44444444,7.777777778,
2017,5,25,20,3.888888889,
2017,5,26,18.33333333,6.111111111,
2017,5,27,20.55555556,4.444444444,
2017,5,28,25,5.555555556,
2017,5,29,28.88888889,6.666666667,
2017,5,30,30,7.777777778,
2017,5,31,31.11111111,8.888888889,
2017,6,1,32.77777778,13.33333333,
2017,6,2,21.66666667,7.777777778,
2017,6,3,26.11111111,6.666666667,
2017,6,4,30,8.888888889,
2017,6,5,31.66666667,7.222222222,
2017,6,6,25,6.111111111,
2017,6,7,30.55555556,7.777777778,
2017,6,8,,,
2017,6,9,27.77777778,6.666666667,
2017,6,10,23.33333333,5.555555556,
2017,6,11,15.55555556,1.666666667,
2017,6,12,22.22222222,5,
2017,6,13,19.44444444,8.888888889,
2017,6,14,13.33333333,3.888888889,
2017,6,15,23.88888889,8.333333333,
2017,6,16,,,
2017,6,17,19.44444444,8.333333333,
2017,6,18,23.88888889,11.11111111,
2017,6,19,23.88888889,7.777777778,
2017,6,20,33.33333333,10.55555556,
2017,6,21,34.44444444,13.33333333,
2017,6,22,29.44444444,8.888888889,
2017,6,23,,,
2017,6,24,28.88888889,7.222222222,
2017,6,25,31.11111111,8.333333333,
2017,6,26,35,10,
2017,6,27,33.33333333,11.66666667,
2017,6,28,25.55555556,10,
2017,6,29,26.66666667,11.11111111,
2017,6,30,25.55555556,7.777777778,
2017,7,1,30.55555556,10,
2017,7,2,32.22222222,11.11111111,
2017,7,3,33.33333333,11.11111111,
2017,7,4,33.88888889,10.55555556,
2017,7,5,34.44444444,11.66666667,
2017,7,6,37.77777778,12.22222222,
2017,7,7,36.66666667,12.77777778,
2017,7,8,36.66666667,13.88888889,
2017,7,9,37.22222222,15,
2017,7,10,33.88888889,12.77777778,
2017,7,11,32.77777778,13.88888889,
2017,7,12,31.66666667,10.55555556,
2017,7,13,34.44444444,10.55555556,
2017,7,14,37.77777778,11.66666667,
2017,7,15,35.55555556,12.77777778,
2017,7,16,33.33333333,13.33333333,
2017,7,17,33.33333333,10.55555556,
2017,7,18,32.77777778,10,
2017,7,19,35,11.66666667,
2017,7,20,35.55555556,9.444444444,
2017,7,21,33.33333333,10,
2017,7,22,32.77777778,10,
2017,7,23,34.44444444,11.66666667,
2017,7,24,36.66666667,12.77777778,
2017,7,25,33.33333333,13.88888889,
2017,7,26,31.11111111,11.11111111,
2017,7,27,26.11111111,11.66666667,
2017,7,28,29.44444444,11.11111111,
2017,7,29,30.55555556,10.55555556,
2017,7,30,33.88888889,11.11111111,
2017,7,31,36.11111111,11.66666667,
2017,8,1,36.11111111,11.11111111,
2017,8,2,35.55555556,11.11111111,
2017,8,3,36.11111111,11.66666667,
2017,8,4,36.11111111,11.66666667,
2017,8,5,35,13.33333333,
2017,8,6,31.66666667,11.11111111,
2017,8,7,31.11111111,10.55555556,
2017,8,8,32.22222222,12.22222222,
2017,8,9,33.33333333,11.66666667,
2017,8,10,31.66666667,10.55555556,
2017,8,11,32.22222222,11.11111111,
2017,8,12,29.44444444,10,
2017,8,13,32.22222222,10.55555556,
2017,8,14,21.66666667,12.77777778,
2017,8,15,27.22222222,8.333333333,
2017,8,16,30.55555556,9.444444444,
2017,8,17,36.66666667,10,
2017,8,18,33.88888889,10.55555556,
2017,8,19,31.11111111,10.55555556,
2017,8,20,28.88888889,9.444444444,
2017,8,21,31.11111111,8.888888889,
2017,8,22,33.33333333,8.888888889,
2017,8,23,30,10.55555556,
2017,8,24,28.88888889,11.11111111,
2017,8,25,31.66666667,10.55555556,
2017,8,26,33.33333333,10.55555556,
2017,8,27,35,10,
2017,8,28,33.33333333,10.55555556,
2017,8,29,34.44444444,11.11111111,
2017,8,30,30,11.66666667,
2017,8,31,32.22222222,10.55555556,
2017,9,1,31.11111111,9.444444444,
2017,9,2,36.66666667,10.55555556,
2017,9,3,37.77777778,10.55555556,
2017,9,4,,,
2017,9,5,,,
2017,9,6,28.33333333,8.888888889,
2017,9,7,28.88888889,9.444444444,
2017,9,8,26.66666667,8.888888889,
2017,9,9,30.55555556,9.444444444,
2017,9,10,28.33333333,10.55555556,
2017,9,11,31.11111111,10,
2017,9,12,32.22222222,9.444444444,
2017,9,13,32.22222222,10,
2017,9,14,22.77777778,8.888888889,
2017,9,15,11.66666667,4.444444444,
2017,9,16,16.66666667,4.444444444,
2017,9,17,22.22222222,5.555555556,
2017,9,18,15,3.888888889,
2017,9,19,10,3.333333333,
2017,9,20,9.444444444,2.777777778,
2017,9,21,8.888888889,3.888888889,
2017,9,22,10,3.888888889,
2017,9,23,11.11111111,4.444444444,
2017,9,24,11.11111111,0.555555556,
2017,9,25,10.55555556,0.555555556,
2017,9,26,15,5.555555556,
2017,9,27,18.88888889,2.222222222,
2017,9,28,22.22222222,1.666666667,
2017,9,29,22.77777778,2.222222222,
2017,9,30,23.88888889,2.222222222,
2017,10,1,12.77777778,2.222222222,
2017,10,2,8.333333333,0.555555556,
2017,10,3,11.11111111,0.555555556,
2017,10,4,13.33333333,-1.666666667,
2017,10,5,6.666666667,-1.666666667,
2017,10,6,12.77777778,1.666666667,
2017,10,7,18.33333333,1.666666667,
2017,10,8,16.66666667,2.222222222,
2017,10,9,9.444444444,-2.222222222,
2017,10,10,12.22222222,-2.222222222,
2017,10,11,16.66666667,-0.555555556,
2017,10,12,11.66666667,0,
2017,10,13,8.888888889,-0.555555556,
2017,10,14,9.444444444,-2.777777778,
2017,10,15,12.22222222,-3.333333333,
2017,10,16,14.44444444,-2.777777778,
2017,10,17,15.55555556,-2.222222222,
2017,10,18,20.55555556,-1.666666667,
2017,10,19,21.11111111,-0.555555556,
2017,10,20,23.88888889,0.555555556,
2017,10,21,11.66666667,0,
2017,10,22,6.666666667,0,
2017,10,23,13.33333333,0,
2017,10,24,12.77777778,-1.666666667,
2017,10,25,12.77777778,-2.222222222,
2017,10,26,15.55555556,4.444444444,
2017,10,27,15.55555556,-0.555555556,
2017,10,28,12.77777778,-1.111111111,
2017,10,29,15,-1.111111111,
2017,10,30,14.44444444,-1.111111111,
2017,10,31,8.888888889,-4.444444444,
2017,11,1,7.222222222,-4.444444444,
2017,11,2,12.22222222,-16.66666667,
2017,11,3,7.222222222,0,
2017,11,4,3.333333333,-1.111111111,
2017,11,5,2.777777778,-2.777777778,
2017,11,6,3.888888889,-4.444444444,
2017,11,7,4.444444444,-5.555555556,
2017,11,8,2.777777778,-5.555555556,
2017,11,9,3.888888889,-3.888888889,
2017,11,10,6.111111111,-0.555555556,
2017,11,11,5.555555556,0,
2017,11,12,7.777777778,-2.222222222,
2017,11,13,6.666666667,-3.333333333,
2017,11,14,8.888888889,-3.333333333,
2017,11,15,6.111111111,-4.444444444,
2017,11,16,8.888888889,7.222222222,
2017,11,17,8.888888889,-0.555555556,
2017,11,18,5,-5,
2017,11,19,1.666666667,-7.222222222,
2017,11,20,1.666666667,-6.666666667,
2017,11,21,8.333333333,-1.111111111,
2017,11,22,5.555555556,1.111111111,
2017,11,23,8.888888889,3.333333333,
2017,11,24,16.66666667,1.666666667,
2017,11,25,7.222222222,-3.888888889,
2017,11,26,3.333333333,-4.444444444,
2017,11,27,10,-1.666666667,
2017,11,28,7.222222222,-5.555555556,
2017,11,29,4.444444444,-6.111111111,
2017,11,30,7.222222222,-6.666666667,
2017,12,1,-0.555555556,-6.666666667,
2017,12,2,3.333333333,-3.888888889,
2017,12,3,3.333333333,-2.222222222,
2017,12,4,2.222222222,-4.444444444,
2017,12,5,0,-7.222222222,
2017,12,6,-2.222222222,-10,
2017,12,7,-6.111111111,-11.11111111,
2017,12,8,-5,-11.11111111,
2017,12,9,-5.555555556,-11.66666667,
2017,12,10,-6.111111111,-12.22222222,
2017,12,11,-5.555555556,-12.22222222,
2017,12,12,-6.111111111,-12.77777778,
2017,12,13,-5,-12.77777778,
2017,12,14,-1.666666667,-5.555555556,
2017,12,15,1.666666667,-5.555555556,
2017,12,16,-1.111111111,-5,
2017,12,17,2.222222222,-12.77777778,
2017,12,18,-2.777777778,-12.77777778,
2017,12,19,3.888888889,2.222222222,
2017,12,20,6.111111111,-1.666666667,
2017,12,21,0.555555556,-6.666666667,
2017,12,22,-2.777777778,-7.222222222,
2017,12,23,0,-5,
2017,12,24,-1.111111111,-17.22222222,
2017,12,25,-7.222222222,-17.22222222,
2017,12,26,-3.888888889,-8.888888889,
2017,12,27,-3.333333333,-10,
2017,12,28,1.111111111,-5.555555556,
2017,12,29,2.777777778,-3.333333333,
2017,12,30,8.888888889,0.555555556,
2017,12,31,4.444444444,-7.222222222,
2018,1,1,1.666666667,-11.11111111,
2018,1,2,-5,-11.11111111,
2018,1,3,-5.555555556,-11.66666667,
2018,1,4,-1.666666667,-10.55555556,
2018,1,5,-2.222222222,-10.55555556,
2018,1,6,2.222222222,-3.888888889,
2018,1,7,2.222222222,-2.222222222,
2018,1,8,3.333333333,-2.222222222,
2018,1,9,3.333333333,-3.333333333,
2018,1,10,4.444444444,-2.222222222,
2018,1,11,2.777777778,-2.222222222,
2018,1,12,3.888888889,-1.111111111,
2018,1,13,3.888888889,-0.555555556,
2018,1,14,4.444444444,-0.555555556,
2018,1,15,5,-1.111111111,
2018,1,16,2.222222222,-2.222222222,
2018,1,17,-2.222222222,-3.888888889,
2018,1,18,1.666666667,-4.444444444,
2018,1,19,7.222222222,-3.333333333,
2018,1,20,2.222222222,-2.777777778,
2018,1,21,1.111111111,-3.888888889,
2018,1,22,1.111111111,-5,
2018,1,23,1.111111111,-5,
2018,1,24,1.111111111,-5,
2018,1,25,6.666666667,-2.777777778,
2018,1,26,5,-6.111111111,
2018,1,27,1.666666667,-5.555555556,
2018,1,28,1.666666667,-4.444444444,
2018,1,29,5.555555556,-1.666666667,
2018,1,30,12.77777778,-1.666666667,
2018,1,31,10.55555556,-3.333333333,
2018,2,1,2.222222222,-4.444444444,
2018,2,2,3.888888889,-4.444444444,
2018,2,3,5.555555556,0,
2018,2,4,12.22222222,1.666666667,
2018,2,5,8.888888889,1.111111111,
2018,2,6,7.222222222,0.555555556,
2018,2,7,8.333333333,0,
2018,2,8,6.666666667,0,
2018,2,9,10,0.555555556,
2018,2,10,6.666666667,-1.666666667,
2018,2,11,3.333333333,-6.666666667,
2018,2,12,0.555555556,-6.111111111,
2018,2,13,1.666666667,-9.444444444,
2018,2,14,2.222222222,-11.11111111,
2018,2,15,5,-3.888888889,
2018,2,16,1.111111111,-6.666666667,
2018,2,17,3.888888889,-5,
2018,2,18,5,-1.666666667,
2018,2,19,1.111111111,-9.444444444,
2018,2,20,-2.222222222,-13.88888889,
2018,2,21,-15.55555556,-15,
2018,2,22,-2.222222222,-16.11111111,
2018,2,23,0,-11.11111111,
2018,2,24,-2.777777778,-11.66666667,
2018,2,25,0.555555556,-7.777777778,
2018,2,26,2.222222222,-5.555555556,
2018,2,27,1.111111111,-15,
2018,2,28,-3.333333333,-15,
2018,3,1,4.444444444,-7.222222222,
2018,3,2,7.777777778,-4.444444444,
2018,3,3,4.444444444,-10,
2018,3,4,0,-10,
2018,3,5,1.666666667,-7.222222222,
2018,3,6,3.888888889,-7.222222222,
2018,3,7,7.777777778,-7.777777778,
2018,3,8,8.333333333,-7.777777778,
2018,3,9,6.666666667,-0.555555556,
2018,3,10,11.66666667,-2.777777778,
2018,3,11,7.777777778,-2.777777778,
2018,3,12,8.333333333,-3.888888889,
2018,3,13,12.77777778,-3.888888889,
2018,3,14,13.33333333,-3.888888889,
2018,3,15,13.33333333,1.111111111,
2018,3,16,13.33333333,-1.666666667,
2018,3,17,6.666666667,-1.666666667,
2018,3,18,4.444444444,-0.555555556,
2018,3,19,13.33333333,-1.666666667,
2018,3,20,5,-1.666666667,
2018,3,21,13.33333333,-1.111111111,
2018,3,22,8.888888889,-1.111111111,
2018,3,23,13.88888889,-1.666666667,
2018,3,24,13.33333333,-1.666666667,
2018,3,25,6.666666667,-2.777777778,
2018,3,26,6.111111111,-3.333333333,
2018,3,27,6.666666667,-3.333333333,
2018,3,28,11.11111111,-3.333333333,
2018,3,29,11.11111111,0.555555556,
2018,3,30,12.77777778,1.666666667,
2018,3,31,15.55555556,1.666666667,
2018,4,1,13.88888889,-1.111111111,
2018,4,2,12.77777778,-1.666666667,
2018,4,3,2.222222222,-6.666666667,
2018,4,4,8.333333333,-6.666666667,
2018,4,5,13.88888889,6.111111111,
2018,4,6,13.33333333,6.111111111,
2018,4,7,16.66666667,5,
2018,4,8,13.88888889,1.666666667,
2018,4,9,8.333333333,0.555555556,
2018,4,10,13.88888889,0.555555556,
2018,4,11,13.88888889,3.333333333,
2018,4,12,14.44444444,2.222222222,
2018,4,13,3.888888889,0.555555556,
2018,4,14,11.66666667,-0.555555556,
2018,4,15,12.22222222,2.777777778,
2018,4,16,16.66666667,3.333333333,
2018,4,17,9.444444444,3.888888889,
2018,4,18,7.222222222,-0.555555556,
2018,4,19,12.77777778,-2.222222222,
2018,4,20,18.33333333,1.666666667,
2018,4,21,19.44444444,2.222222222,
2018,4,22,19.44444444,1.111111111,
2018,4,23,17.77777778,1.666666667,
2018,4,24,18.33333333,-1.111111111,
2018,4,25,16.66666667,0,
2018,4,26,23.88888889,1.666666667,
2018,4,27,26.11111111,2.777777778,
2018,4,28,27.77777778,3.888888889,
2018,4,29,18.88888889,7.222222222,
2018,4,30,9.444444444,4.444444444,
2018,5,1,9.444444444,2.222222222,
2018,5,2,12.22222222,3.333333333,
2018,5,3,16.11111111,3.888888889,
2018,5,4,21.66666667,3.888888889,
2018,5,5,23.88888889,8.333333333,
2018,5,6,22.77777778,7.777777778,
2018,5,7,24.44444444,5,
2018,5,8,20,4.444444444,
2018,5,9,27.22222222,6.111111111,
2018,5,10,22.22222222,6.111111111,
2018,5,11,15.55555556,3.333333333,
2018,5,12,13.33333333,6.666666667,
2018,5,13,17.22222222,8.888888889,
2018,5,14,20.55555556,3.888888889,
2018,5,15,24.44444444,4.444444444,
2018,5,16,26.11111111,6.666666667,
2018,5,17,20,8.888888889,
2018,5,18,18.33333333,8.333333333,
2018,5,19,17.77777778,7.222222222,
2018,5,20,21.66666667,6.666666667,
2018,5,21,18.33333333,9.444444444,
2018,5,22,21.66666667,8.333333333,
2018,5,23,22.22222222,8.888888889,
2018,5,24,22.77777778,11.11111111,
2018,5,25,21.66666667,8.333333333,
2018,5,26,25.55555556,9.444444444,
2018,5,27,18.33333333,12.22222222,
2018,5,28,25,10,
2018,5,29,24.44444444,7.222222222,
2018,5,30,26.11111111,8.333333333,
2018,5,31,23.33333333,8.333333333,
2018,6,1,21.11111111,6.111111111,
2018,6,2,16.11111111,2.777777778,
2018,6,3,25,4.444444444,
2018,6,4,26.66666667,8.333333333,
2018,6,5,28.33333333,9.444444444,
2018,6,6,25.55555556,7.777777778,
2018,6,7,28.33333333,11.11111111,
2018,6,8,23.33333333,10,
2018,6,9,25,9.444444444,
2018,6,10,24.44444444,3.888888889,
2018,6,11,12.77777778,4.444444444,
2018,6,12,13.88888889,1.111111111,
2018,6,13,24.44444444,3.888888889,
2018,6,14,29.44444444,7.222222222,
2018,6,15,22.77777778,8.888888889,
2018,6,16,21.11111111,10,
2018,6,17,20,9.444444444,
2018,6,18,16.11111111,10,
2018,6,19,16.11111111,11.11111111,
2018,6,20,21.11111111,11.66666667,
2018,6,21,25.55555556,12.22222222,
2018,6,22,22.77777778,9.444444444,
2018,6,23,26.11111111,9.444444444,
2018,6,24,21.66666667,11.66666667,
2018,6,25,27.77777778,9.444444444,
2018,6,26,30.55555556,11.11111111,
2018,6,27,21.11111111,7.777777778,
2018,6,28,30.55555556,-15,
2018,6,29,25,-15,
2018,6,30,21.66666667,8.888888889,
2018,7,1,24.44444444,11.11111111,
2018,7,2,26.66666667,9.444444444,
2018,7,3,25,8.888888889,
2018,7,4,21.11111111,6.111111111,
2018,7,5,28.88888889,12.22222222,
2018,7,6,36.11111111,10.55555556,
2018,7,7,31.66666667,13.33333333,
2018,7,8,31.66666667,11.66666667,
2018,7,9,33.33333333,11.11111111,
2018,7,10,36.11111111,11.66666667,
2018,7,11,31.11111111,11.11111111,
2018,7,12,31.11111111,11.66666667,
2018,7,13,31.66666667,12.22222222,
2018,7,14,35.55555556,12.77777778,
2018,7,15,33.88888889,12.22222222,
2018,7,16,33.88888889,14.44444444,
2018,7,17,31.66666667,11.11111111,
2018,7,18,33.33333333,10.55555556,
2018,7,19,,,
2018,7,20,32.22222222,10,
2018,7,21,33.88888889,10,
2018,7,22,32.77777778,10.55555556,
2018,7,23,32.22222222,10,
2018,7,24,32.77777778,11.11111111,
2018,7,25,33.88888889,12.77777778,
2018,7,26,33.88888889,11.66666667,
2018,7,27,34.44444444,11.66666667,
2018,7,28,33.33333333,12.77777778,
2018,7,29,32.77777778,11.66666667,
2018,7,30,31.66666667,11.11111111,
2018,7,31,35,12.22222222,
2018,8,1,31.66666667,13.88888889,
2018,8,2,35,14.44444444,
2018,8,3,32.77777778,11.11111111,
2018,8,4,29.44444444,10,
2018,8,5,27.77777778,12.22222222,
2018,8,6,28.88888889,9.444444444,
2018,8,7,31.66666667,10,
2018,8,8,32.22222222,11.11111111,
2018,8,9,35,12.22222222,
2018,8,10,37.77777778,12.77777778,
2018,8,11,37.77777778,13.33333333,
2018,8,12,36.11111111,14.44444444,
2018,8,13,33.33333333,11.11111111,
2018,8,14,32.22222222,9.444444444,
2018,8,15,33.33333333,8.888888889,
2018,8,16,34.44444444,9.444444444,
2018,8,17,32.77777778,13.33333333,
2018,8,18,27.77777778,11.11111111,
2018,8,19,30,10,
2018,8,20,32.22222222,11.11111111,
2018,8,21,24.44444444,12.77777778,
2018,8,22,25,8.333333333,
2018,8,23,20,7.222222222,
2018,8,24,28.88888889,7.222222222,
2018,8,25,26.66666667,7.777777778,
2018,8,26,27.22222222,10,
2018,8,27,13.88888889,5,
2018,8,28,23.88888889,5.555555556,
2018,8,29,28.33333333,5.555555556,
2018,8,30,27.77777778,7.777777778,
2018,8,31,26.11111111,6.666666667,
2018,9,1,27.22222222,6.666666667,
2018,9,2,29.44444444,6.666666667,
2018,9,3,29.44444444,6.666666667,
2018,9,4,29.44444444,7.777777778,
2018,9,5,29.44444444,8.333333333,
2018,9,6,28.88888889,8.888888889,
2018,9,7,31.66666667,8.888888889,
2018,9,8,27.77777778,7.777777778,
2018,9,9,28.33333333,6.111111111,
2018,9,10,26.66666667,6.111111111,
2018,9,11,23.33333333,6.111111111,
2018,9,12,17.22222222,7.222222222,
2018,9,13,17.22222222,1.111111111,
2018,9,14,22.77777778,1.666666667,
2018,9,15,21.66666667,3.888888889,
2018,9,16,,,
2018,9,17,26.11111111,2.777777778,
2018,9,18,24.44444444,3.333333333,
2018,9,19,20.55555556,4.444444444,
2018,9,20,20,2.222222222,
2018,9,21,25,2.222222222,
2018,9,22,25,5,
2018,9,23,20.55555556,3.888888889,
2018,9,24,16.66666667,0.555555556,
2018,9,25,20,1.666666667,
2018,9,26,23.33333333,2.777777778,
2018,9,27,25.55555556,3.888888889,
2018,9,28,25,3.888888889,
2018,9,29,20,8.333333333,
2018,9,30,13.88888889,1.666666667,
2018,10,1,12.77777778,7.222222222,
2018,10,2,19.44444444,6.111111111,
2018,10,3,19.44444444,6.666666667,
2018,10,4,8.888888889,2.222222222,
2018,10,5,12.22222222,2.222222222,
2018,10,6,12.22222222,6.111111111,
2018,10,7,12.22222222,1.111111111,
2018,10,8,13.33333333,-1.111111111,
2018,10,9,13.88888889,-1.111111111,
2018,10,10,10,5,
2018,10,11,10,3.333333333,
2018,10,12,10,-1.666666667,
2018,10,13,13.88888889,-1.666666667,
2018,10,14,8.333333333,-5.555555556,
2018,10,15,7.222222222,-5,
2018,10,16,13.33333333,-4.444444444,
2018,10,17,12.77777778,-2.222222222,
2018,10,18,14.44444444,-1.666666667,
2018,10,19,15.55555556,-1.666666667,
2018,10,20,15.55555556,-1.111111111,
2018,10,21,15.55555556,-1.111111111,
2018,10,22,15.55555556,-1.111111111,
2018,10,23,15.55555556,-1.111111111,
2018,10,24,15.55555556,1.666666667,
2018,10,25,15,1.666666667,
2018,10,26,15,6.111111111,
2018,10,27,20,8.333333333,
2018,10,28,12.77777778,3.333333333,
2018,10,29,16.11111111,1.666666667,
2018,10,30,6.666666667,0.555555556,
2018,10,31,6.666666667,-1.111111111,
2018,11,1,2.777777778,-1.111111111,
2018,11,2,7.777777778,3.333333333,
2018,11,3,9.444444444,3.888888889,
2018,11,4,8.333333333,3.888888889,
2018,11,5,7.222222222,2.222222222,
2018,11,6,7.222222222,1.111111111,
2018,11,7,5,0,
2018,11,8,5.555555556,-2.777777778,
2018,11,9,3.888888889,-7.222222222,
2018,11,10,1.111111111,-7.222222222,
2018,11,11,2.777777778,-7.222222222,
2018,11,12,0.555555556,-8.888888889,
2018,11,13,0,-11.11111111,
2018,11,14,1.666666667,-7.777777778,
2018,11,15,3.888888889,-6.666666667,
2018,11,16,5,-4.444444444,
2018,11,17,4.444444444,-1.666666667,
2018,11,18,2.777777778,-8.333333333,
2018,11,19,0,-11.11111111,
2018,11,20,0.555555556,-11.11111111,
2018,11,21,0,-9.444444444,
2018,11,22,1.111111111,-8.888888889,
2018,11,23,2.222222222,-2.777777778,
2018,11,24,4.444444444,-0.555555556,
2018,11,25,3.333333333,-6.666666667,
2018,11,26,-0.555555556,-8.333333333,
2018,11,27,-1.111111111,-8.333333333,
2018,11,28,1.111111111,0,
2018,11,29,2.777777778,-1.111111111,
2018,11,30,2.777777778,-1.666666667,
2018,12,1,1.111111111,-3.333333333,
2018,12,2,0,-3.888888889,
2018,12,3,-1.111111111,-3.888888889,
2018,12,4,-0.555555556,-7.777777778,
2018,12,5,-3.888888889,-13.33333333,
2018,12,6,-6.666666667,-15,
2018,12,7,-9.444444444,-16.11111111,
2018,12,8,-10,-16.11111111,
2018,12,9,-5.555555556,-12.77777778,
2018,12,10,-5.555555556,-12.77777778,
2018,12,11,-5,-11.11111111,
2018,12,12,-1.111111111,-7.777777778,
2018,12,13,2.222222222,-11.66666667,
2018,12,14,-3.888888889,-12.77777778,
2018,12,15,-0.555555556,-11.66666667,
2018,12,16,2.777777778,-6.111111111,
2018,12,17,0,-5.555555556,
2018,12,18,1.666666667,-3.888888889,
2018,12,19,2.777777778,-3.888888889,
2018,12,20,2.777777778,-3.333333333,
2018,12,21,1.111111111,-3.333333333,
2018,12,22,0.555555556,-5,
2018,12,23,-5,-7.777777778,
2018,12,24,-1.111111111,-4.444444444,
2018,12,25,0,-6.111111111,
2018,12,26,0,-10.55555556,
2018,12,27,-5,-10.55555556,
2018,12,28,-1.666666667,-5.555555556,
2018,12,29,-2.777777778,-8.888888889,
2018,12,30,-0.555555556,-5.555555556,
2018,12,31,0,-12.22222222,
2019,1,1,-9.444444444,-16.11111111,
2019,1,2,-9.444444444,-14.44444444,
2019,1,3,-5,-11.66666667,
2019,1,4,-4.444444444,-10,
2019,1,5,-3.333333333,-10,
2019,1,6,-3.888888889,-5.555555556,
2019,1,7,3.333333333,-5,
2019,1,8,0.555555556,-14.44444444,
2019,1,9,-5,-13.88888889,
2019,1,10,-3.333333333,-10.55555556,
2019,1,11,1.111111111,-4.444444444,
2019,1,12,1.111111111,-7.222222222,
2019,1,13,-3.333333333,-9.444444444,
2019,1,14,-6.666666667,-16.66666667,
2019,1,15,-9.444444444,-16.66666667,
2019,1,16,-5.555555556,-15,
2019,1,17,-4.444444444,-13.33333333,
2019,1,18,0,-6.666666667,
2019,1,19,2.777777778,-3.333333333,
2019,1,20,1.666666667,-1.111111111,
2019,1,21,1.666666667,0,
2019,1,22,0.555555556,-11.11111111,
2019,1,23,-3.888888889,-9.444444444,
2019,1,24,2.222222222,-4.444444444,
2019,1,25,5.555555556,-8.888888889,
2019,1,26,0,-8.333333333,
2019,1,27,4.444444444,-6.666666667,
2019,1,28,4.444444444,-7.777777778,
2019,1,29,0.555555556,-8.333333333,
2019,1,30,0.555555556,-12.77777778,
2019,2,1,-2.222222222,-12.77777778,
2019,2,2,1.111111111,-12.77777778,
2019,2,3,1.666666667,-10,
2019,2,4,3.888888889,-1.111111111,
2019,2,5,4.444444444,-1.111111111,
2019,2,6,5,-3.333333333,
2019,2,7,0,-5.555555556,
2019,2,8,-2.777777778,-16.66666667,
2019,2,9,-6.111111111,-16.66666667,
2019,2,10,-1.666666667,-12.22222222,
2019,2,11,-1.111111111,-10.55555556,
2019,2,12,0,-6.666666667,
2019,2,13,4.444444444,-6.111111111,
2019,2,14,2.777777778,-2.777777778,
2019,2,15,2.222222222,-2.222222222,
2019,2,16,0.555555556,-7.777777778,
2019,2,17,0.555555556,-8.888888889,
2019,2,18,-0.555555556,-6.666666667,
2019,2,19,-2.222222222,-11.11111111,
2019,2,20,-3.888888889,-8.333333333,
2019,2,21,1.111111111,-11.11111111,
2019,2,22,-1.111111111,-15,
2019,2,23,-3.888888889,-13.88888889,
2019,2,24,0,-6.111111111,
2019,2,25,0,-4.444444444,
2019,2,26,1.666666667,1.111111111,
2019,2,27,4.444444444,-1.111111111,
2019,2,28,0,-1.111111111,
2019,3,1,5,-10,
2019,3,2,-0.555555556,-8.888888889,
2019,3,3,1.666666667,-6.666666667,
2019,3,4,-1.666666667,-6.666666667,
2019,3,5,1.666666667,-11.11111111,
2019,3,6,0.555555556,-10,
2019,3,7,4.444444444,-2.222222222,
2019,3,8,7.222222222,-8.888888889,
2019,3,9,2.222222222,-8.333333333,
2019,3,10,0.555555556,-7.777777778,
2019,3,11,2.777777778,-11.11111111,
2019,3,12,3.888888889,-11.11111111,
2019,3,13,3.333333333,-9.444444444,
2019,3,14,1.666666667,-11.66666667,
2019,3,15,3.888888889,-11.66666667,
2019,3,16,7.222222222,-6.666666667,
2019,3,17,8.333333333,-6.111111111,
2019,3,18,10.55555556,-5.555555556,
2019,3,19,10.55555556,-5,
2019,3,20,11.66666667,-5,
2019,3,21,13.33333333,-4.444444444,
2019,3,22,10.55555556,-2.777777778,
2019,3,23,11.66666667,-1.666666667,
2019,3,24,12.22222222,0,
2019,3,25,11.66666667,-1.111111111,
2019,3,26,10.55555556,-0.555555556,
2019,3,27,11.11111111,0.555555556,
2019,3,28,11.66666667,2.222222222,
2019,3,29,8.888888889,-1.111111111,
2019,3,30,8.888888889,0,
2019,3,31,12.22222222,-1.666666667,
2019,4,1,12.77777778,-1.666666667,
2019,4,2,11.66666667,0,
2019,4,3,22.22222222,5.555555556,
2019,4,4,20,3.333333333,
2019,4,5,17.77777778,2.777777778,
2019,4,6,17.77777778,0,
2019,4,7,22.77777778,2.222222222,
2019,4,8,26.11111111,4.444444444,
2019,4,9,26.11111111,5,
2019,4,10,27.22222222,5.555555556,
2019,4,11,27.22222222,8.333333333,
2019,4,12,18.33333333,7.222222222,
2019,4,13,,,
2019,4,14,,,
2019,4,15,,,
2019,4,16,,,
2019,4,17,,,
2019,4,18,,,
2019,4,19,,,
2019,4,20,,,
2019,4,21,,,
2019,4,22,25,-0.555555556,
2019,4,23,21.11111111,5.555555556,
2019,4,24,18.88888889,0.555555556,
2019,4,25,21.66666667,1.666666667,
2019,4,26,14.44444444,2.222222222,
2019,4,27,16.66666667,0,
2019,4,28,7.222222222,-3.333333333,
2019,4,29,8.333333333,-2.777777778,
2019,4,30,9.444444444,-3.888888889,
2019,5,1,8.888888889,-3.333333333,
2019,5,2,13.33333333,-2.222222222,
2019,5,3,15.55555556,-1.111111111,
2019,5,4,20,0,
2019,5,5,21.66666667,3.333333333,
2019,5,6,22.77777778,6.666666667,
2019,5,7,22.22222222,5.555555556,
2019,5,8,20,3.333333333,
2019,5,9,17.77777778,2.777777778,
2019,5,10,17.77777778,0,
2019,5,11,22.77777778,2.222222222,
2019,5,12,26.11111111,4.444444444,
2019,5,13,26.11111111,5,
2019,5,14,27.22222222,5.555555556,
2019,5,15,27.22222222,8.333333333,
2019,5,16,18.33333333,7.222222222,
2019,5,17,16.66666667,6.666666667,
2019,5,18,10,5,
2019,5,19,15,6.111111111,
2019,5,20,16.11111111,6.666666667,
2019,5,21,17.22222222,6.666666667,
2019,5,22,13.88888889,5.555555556,
2019,5,23,13.33333333,4.444444444,
2019,5,24,17.77777778,5.555555556,
2019,5,25,16.66666667,6.666666667,
2019,5,26,17.77777778,7.222222222,
2019,5,27,16.11111111,3.888888889,
2019,5,28,20.55555556,6.666666667,
2019,5,29,22.77777778,5.555555556,
2019,5,30,25.55555556,7.222222222,
2019,5,31,26.11111111,7.222222222,
2019,6,1,25,7.777777778,
2019,6,2,24.44444444,9.444444444,
2019,6,3,27.22222222,9.444444444,
2019,6,4,26.11111111,8.888888889,
2019,6,5,25.55555556,8.333333333,
2019,6,6,27.22222222,7.222222222,
2019,6,7,28.33333333,8.333333333,
2019,6,8,27.77777778,6.666666667,
2019,6,9,13.33333333,2.777777778,
2019,6,10,11.11111111,0,
2019,6,11,22.22222222,2.777777778,
2019,6,12,26.11111111,7.222222222,
2019,6,13,28.88888889,8.888888889,
2019,6,14,31.66666667,10.55555556,
2019,6,15,29.44444444,7.777777778,
2019,6,16,28.33333333,8.888888889,
2019,6,17,29.44444444,9.444444444,
2019,6,18,29.44444444,11.11111111,
2019,6,19,28.33333333,10.55555556,
2019,6,20,28.88888889,11.11111111,
2019,6,21,23.33333333,6.666666667,
2019,6,22,12.77777778,3.333333333,
2019,6,23,14.44444444,2.777777778,
2019,6,24,20,6.111111111,
2019,6,25,20,5.555555556,
2019,6,26,23.88888889,6.666666667,
2019,6,27,21.66666667,9.444444444,
2019,6,28,28.33333333,11.11111111,
2019,6,29,26.66666667,11.66666667,
2019,6,30,20.55555556,6.111111111,
2019,7,1,27.77777778,8.888888889,
2019,7,2,29.44444444,9.444444444,
2019,7,3,30,11.11111111,
2019,7,4,27.22222222,12.22222222,
2019,7,5,22.22222222,8.333333333,
2019,7,6,26.11111111,8.333333333,
2019,7,7,30,8.333333333,
2019,7,8,31.66666667,11.66666667,
2019,7,9,28.33333333,9.444444444,
2019,7,10,22.77777778,6.111111111,
2019,7,11,28.33333333,8.888888889,
2019,7,12,32.22222222,10.55555556,
2019,7,13,33.33333333,14.44444444,
2019,7,14,34.44444444,13.33333333,
2019,7,15,33.88888889,13.33333333,
2019,7,16,32.22222222,14.44444444,
2019,7,17,26.11111111,10,
2019,7,18,27.22222222,9.444444444,
2019,7,19,27.22222222,12.77777778,
2019,7,20,27.22222222,13.33333333,
2019,7,21,26.11111111,6.666666667,
2019,7,22,28.33333333,7.222222222,
2019,7,23,33.88888889,10,
2019,7,24,32.77777778,13.33333333,
2019,7,25,26.11111111,11.66666667,
2019,7,26,30.55555556,8.333333333,
2019,7,27,32.77777778,9.444444444,
2019,7,28,32.22222222,11.11111111,
2019,7,29,32.22222222,12.22222222,
2019,7,30,32.77777778,10.55555556,
2019,7,31,27.22222222,12.22222222,
2019,8,1,27.77777778,11.11111111,
2019,8,2,33.88888889,12.77777778,
2019,8,3,33.88888889,13.88888889,
2019,8,4,31.66666667,10,
2019,8,5,32.77777778,11.11111111,
2019,8,6,33.88888889,12.22222222,
2019,8,7,35,13.33333333,
2019,8,8,31.11111111,15,
2019,8,9,33.33333333,12.77777778,
2019,8,10,27.22222222,15,
2019,8,11,27.77777778,12.22222222,
2019,8,12,23.33333333,11.66666667,
2019,8,13,22.22222222,9.444444444,
2019,8,14,26.66666667,8.888888889,
2019,8,15,28.88888889,8.888888889,
2019,8,16,30,10,
2019,8,17,29.44444444,10,
2019,8,18,28.88888889,12.22222222,
2019,8,19,27.22222222,8.888888889,
2019,8,20,31.11111111,9.444444444,
2019,8,21,33.88888889,10.55555556,
2019,8,22,33.88888889,11.66666667,
2019,8,23,34.44444444,12.77777778,
2019,8,24,24.44444444,9.444444444,
2019,8,25,31.66666667,9.444444444,
2019,8,26,31.66666667,10,
2019,8,27,26.11111111,8.333333333,
2019,8,28,27.22222222,7.777777778,
2019,8,29,31.66666667,7.777777778,
2019,8,30,22.22222222,8.333333333,
2019,8,31,30.55555556,12.77777778,
2019,9,1,29.44444444,11.11111111,
2019,9,2,32.77777778,11.11111111,
2019,9,3,35.55555556,9.444444444,
2019,9,4,33.33333333,9.444444444,
2019,9,5,32.77777778,10.55555556,
2019,9,6,33.88888889,11.11111111,
2019,9,7,30.55555556,11.66666667,
2019,9,8,22.22222222,10,
2019,9,9,25.55555556,10.55555556,
2019,9,10,14.44444444,7.777777778,
2019,9,11,17.22222222,5,
2019,9,12,21.11111111,7.222222222,
2019,9,13,16.11111111,4.444444444,
2019,9,14,22.77777778,5.555555556,
2019,9,15,25.55555556,6.111111111,
2019,9,16,26.11111111,6.111111111,
2019,9,17,27.77777778,6.666666667,
2019,9,18,25.55555556,7.222222222,
2019,9,19,17.77777778,7.222222222,
2019,9,20,13.33333333,7.777777778,
2019,9,21,13.88888889,8.333333333,
2019,9,22,16.66666667,3.333333333,
2019,9,23,23.33333333,3.333333333,
2019,9,24,23.33333333,7.222222222,
2019,9,25,23.33333333,7.222222222,
2019,9,26,21.11111111,3.888888889,
2019,9,27,20.55555556,3.333333333,
2019,9,28,18.88888889,7.777777778,
2019,9,29,12.22222222,0,
2019,9,30,3.333333333,-1.111111111,
2019,10,1,7.777777778,-0.555555556,
2019,10,2,6.666666667,1.111111111,
2019,10,3,11.11111111,-1.111111111,
2019,10,4,11.11111111,0.555555556,
2019,10,5,6.111111111,0,
2019,10,6,8.888888889,-1.666666667,
2019,10,7,13.88888889,-1.666666667,
2019,10,8,15.55555556,-1.666666667,
2019,10,9,17.22222222,1.111111111,
2019,10,10,1.111111111,-2.777777778,
2019,10,11,4.444444444,-5.555555556,
2019,10,12,7.222222222,-5,
2019,10,13,10,-4.444444444,
2019,10,14,11.66666667,-2.222222222,
2019,10,15,11.11111111,-1.666666667,
2019,10,16,13.88888889,-2.222222222,
2019,10,17,17.22222222,0.555555556,
2019,10,18,14.44444444,0.555555556,
2019,10,19,7.777777778,-2.777777778,
2019,10,20,3.888888889,-1.111111111,
2019,10,21,7.777777778,1.666666667,
2019,10,22,8.888888889,1.666666667,
2019,10,23,13.88888889,1.111111111,
2019,10,24,9.444444444,-3.888888889,
2019,10,25,7.222222222,-3.333333333,
2019,10,26,17.22222222,4.444444444,
2019,10,27,5,-5,
2019,10,28,1.666666667,-4.444444444,
2019,10,29,1.111111111,-11.66666667,
2019,10,30,-5.555555556,-12.77777778,
2019,10,31,-1.666666667,-13.33333333,
2019,11,1,-1.111111111,-10,
2019,11,2,2.777777778,-10.55555556,
2019,11,3,3.888888889,-8.888888889,
2019,11,4,5,-12.22222222,
2019,11,5,8.333333333,-5,
2019,11,6,8.888888889,-5.555555556,
2019,11,7,8.333333333,-6.666666667,
2019,11,8,6.111111111,-6.666666667,
2019,11,9,4.444444444,-6.111111111,
2019,11,10,7.777777778,-5,
2019,11,11,10.55555556,-3.888888889,
2019,11,12,1.666666667,-5,
2019,11,13,3.888888889,-5,
2019,11,14,10,-5,
2019,11,15,5.555555556,-4.444444444,
2019,11,16,6.666666667,-1.111111111,
2019,11,17,8.888888889,-0.555555556,
2019,11,18,7.222222222,0.555555556,
2019,11,19,6.111111111,2.222222222,
2019,11,20,5,0,
2019,11,21,5,-6.666666667,
2019,11,22,0.555555556,-6.666666667,
2019,11,23,-0.555555556,-7.777777778,
2019,11,24,0,-6.666666667,
2019,11,25,3.333333333,-2.777777778,
2019,11,26,1.111111111,-6.111111111,
2019,11,27,-1.111111111,-5.555555556,
2019,11,28,1.666666667,-6.111111111,
2019,11,29,-2.222222222,-8.888888889,
2019,11,30,-3.888888889,-7.222222222,
2019,12,1,-1.111111111,-11.11111111,
2019,12,2,-3.888888889,-8.888888889,
2019,12,3,-1.111111111,-10,
2019,12,4,-2.777777778,-10,
2019,12,5,-2.777777778,-10.55555556,
2019,12,6,-2.222222222,-10,
2019,12,7,-2.222222222,-12.22222222,
2019,12,8,-1.111111111,-7.777777778,
2019,12,9,2.777777778,-6.666666667,
2019,12,10,-2.777777778,-10,
2019,12,11,-4.444444444,-10,
2019,12,12,-0.555555556,-5,
2019,12,13,1.666666667,-2.777777778,
2019,12,14,1.666666667,-6.666666667,
2019,12,15,-1.666666667,-10.55555556,
2019,12,16,-4.444444444,-10.55555556,
2019,12,17,-7.222222222,-16.11111111,
2019,12,18,-8.333333333,-16.11111111,
2019,12,19,-6.666666667,-10.55555556,
2019,12,20,0,-7.777777778,
2019,12,21,3.333333333,-3.888888889,
2019,12,22,2.777777778,-4.444444444,
2019,12,23,2.777777778,-6.666666667,
2019,12,24,1.111111111,-6.666666667,
2019,12,25,1.111111111,-7.222222222,
2019,12,26,0.555555556,-11.11111111,
2019,12,27,-6.666666667,-12.77777778,
2019,12,28,-7.777777778,-13.88888889,
2019,12,29,-4.444444444,-10.55555556,
2019,12,30,-2.777777778,-6.666666667,
2019,12,31,-2.222222222,-5.555555556,
2020,1,1,-0.555555556,-5,
2020,1,2,2.777777778,-2.777777778,
2020,1,3,2.777777778,-2.777777778,
2020,1,4,2.222222222,-7.777777778,
2020,1,5,1.666666667,-9.444444444,
2020,1,6,-2.222222222,-7.777777778,
2020,1,7,-1.111111111,-6.111111111,
2020,1,8,3.888888889,-3.888888889,
2020,1,9,5,-5,
2020,1,10,-1.111111111,-13.33333333,
2020,1,11,-4.444444444,-13.33333333,
2020,1,12,-1.111111111,-6.666666667,
2020,1,13,0.555555556,-8.333333333,
2020,1,14,-0.555555556,-8.333333333,
2020,1,15,-2.222222222,-16.11111111,
2020,1,16,-7.222222222,-16.66666667,
2020,1,17,-1.666666667,-8.333333333,
2020,1,18,-1.111111111,-11.66666667,
2020,1,19,-1.111111111,-12.22222222,
2020,1,20,-2.777777778,-12.22222222,
2020,1,21,-0.555555556,-9.444444444,
2020,1,22,1.666666667,-7.222222222,
2020,1,23,0.555555556,-7.222222222,
2020,1,24,3.888888889,-3.888888889,
2020,1,25,2.222222222,-2.777777778,
2020,1,26,2.777777778,-6.666666667,
2020,1,27,0.555555556,-7.222222222,
2020,1,28,0,-7.222222222,
2020,1,29,2.222222222,-3.333333333,
2020,1,30,2.222222222,-3.888888889,
2020,2,1,1.666666667,-8.888888889,
2020,2,2,3.333333333,-4.444444444,
2020,2,3,4.444444444,-4.444444444,
2020,2,4,12.77777778,-3.333333333,
2020,2,5,-1.111111111,-10.55555556,
2020,2,6,-2.777777778,-11.11111111,
2020,2,7,-1.666666667,-7.777777778,
2020,2,8,-1.666666667,-5,
2020,2,9,2.777777778,-1.111111111,
2020,2,10,4.444444444,-1.111111111,
2020,2,11,3.333333333,-2.777777778,
2020,2,12,1.666666667,-10,
2020,2,13,-0.555555556,-8.888888889,
2020,2,14,3.888888889,-10,
2020,2,15,2.777777778,-5,
2020,2,16,3.888888889,-4.444444444,
2020,2,17,3.888888889,-7.222222222,
2020,2,18,0.555555556,-9.444444444,
2020,2,19,-2.777777778,-16.66666667,
2020,2,20,-3.888888889,-16.66666667,
2020,2,21,-4.444444444,-16.11111111,
2020,2,22,-2.777777778,-13.88888889,
2020,2,23,0,-12.22222222,
2020,2,24,7.222222222,-7.222222222,
2020,2,25,2.777777778,-8.888888889,
2020,2,26,2.222222222,-9.444444444,
2020,2,27,3.888888889,-8.333333333,
2020,2,28,3.333333333,-8.888888889,
2020,2,29,5.555555556,-5,
2020,3,1,7.222222222,-2.777777778,
2020,3,2,3.888888889,-7.222222222,
2020,3,3,2.222222222,-5,
2020,3,4,10,-1.666666667,
2020,3,5,8.888888889,-5,
2020,3,6,8.333333333,-5,
2020,3,7,8.888888889,-3.888888889,
2020,3,8,10,-1.666666667,
2020,3,9,6.111111111,-0.555555556,
2020,3,10,3.333333333,-3.888888889,
2020,3,11,4.444444444,-3.888888889,
2020,3,12,11.66666667,-3.333333333,
2020,3,13,6.666666667,-6.111111111,
2020,3,14,5,-3.888888889,
2020,3,15,7.222222222,-5.555555556,
2020,3,16,7.222222222,-2.222222222,
2020,3,17,9.444444444,-3.888888889,
2020,3,18,11.11111111,-3.888888889,
2020,3,19,3.888888889,0.555555556,
2020,3,20,10,-3.888888889,
2020,3,21,11.66666667,-3.888888889,
2020,3,22,11.66666667,-3.333333333,
2020,3,23,11.11111111,-2.222222222,
2020,3,24,9.444444444,-1.111111111,
2020,3,25,6.111111111,-1.666666667,
2020,3,26,2.777777778,-3.333333333,
2020,3,27,5,-3.333333333,
2020,3,28,6.111111111,-0.555555556,
2020,3,29,9.444444444,-2.777777778,
2020,3,30,9.444444444,-1.111111111,
2020,3,31,9.444444444,0,
2020,4,1,5,-7.222222222,
2020,4,2,5,-6.666666667,
2020,4,3,5,-5,
2020,4,4,5,-5,
2020,4,5,11.11111111,-3.333333333,
2020,4,6,14.44444444,2.222222222,
2020,4,7,15.55555556,-1.111111111,
2020,4,8,17.22222222,-1.111111111,
2020,4,9,18.33333333,-1.111111111,
2020,4,10,20.55555556,-1.111111111,
2020,4,11,19.44444444,0.555555556,
2020,4,12,11.11111111,-1.666666667,
2020,4,13,6.666666667,-5.555555556,
2020,4,14,7.222222222,-5,
2020,4,15,11.66666667,-2.777777778,
2020,4,16,8.888888889,-3.888888889,
2020,4,17,9.444444444,-5,
2020,4,18,16.66666667,-3.888888889,
2020,4,19,17.77777778,-2.222222222,
2020,4,20,16.66666667,0,
2020,4,21,20,0,
2020,4,22,18.88888889,2.222222222,
2020,4,23,17.77777778,3.333333333,
2020,4,24,13.33333333,2.777777778,
2020,4,25,15.55555556,1.111111111,
2020,4,26,19.44444444,2.222222222,
2020,4,27,16.11111111,5,
2020,4,28,17.22222222,1.111111111,
2020,4,29,21.11111111,2.777777778,
2020,4,30,25.55555556,6.111111111,
2020,5,1,20,3.333333333,
2020,5,2,17.77777778,0.555555556,
2020,5,3,21.11111111,1.666666667,
2020,5,4,13.33333333,0.555555556,
2020,5,5,16.11111111,1.111111111,
2020,5,6,22.22222222,2.777777778,
2020,5,7,17.22222222,-0.555555556,
2020,5,8,17.22222222,0.555555556,
2020,5,9,17.77777778,1.111111111,
2020,5,10,23.33333333,2.777777778,
2020,5,11,25,4.444444444,
2020,5,12,22.77777778,6.666666667,
2020,5,13,18.33333333,5,
2020,5,14,13.33333333,1.666666667,
2020,5,15,14.44444444,4.444444444,
2020,5,16,12.22222222,0.555555556,
2020,5,17,18.33333333,3.333333333,
2020,5,18,21.66666667,9.444444444,
2020,5,19,15.55555556,5,
2020,5,20,13.88888889,7.222222222,
2020,5,21,15,6.111111111,
2020,5,22,14.44444444,1.666666667,
2020,5,23,13.33333333,2.777777778,
2020,5,24,13.33333333,2.222222222,
2020,5,25,19.44444444,2.777777778,
2020,5,26,23.88888889,6.111111111,
2020,5,27,21.11111111,6.111111111,
2020,5,28,25.55555556,5.555555556,
2020,5,29,31.11111111,8.888888889,
2020,5,30,31.11111111,10,
2020,5,31,32.22222222,12.77777778,
2020,6,1,23.88888889,8.333333333,
2020,6,2,21.66666667,5,
2020,6,3,26.66666667,7.777777778,
2020,6,4,26.66666667,11.66666667,
2020,6,5,25.55555556,7.777777778,
2020,6,6,32.22222222,11.11111111,
2020,6,7,12.77777778,4.444444444,
2020,6,8,7.222222222,0.555555556,
2020,6,9,13.88888889,1.666666667,
2020,6,10,15,3.888888889,
2020,6,11,25,6.666666667,
2020,6,12,28.33333333,7.777777778,
2020,6,13,30,11.11111111,
2020,6,14,22.77777778,6.111111111,
2020,6,15,12.77777778,1.666666667,
2020,6,16,15,4.444444444,
2020,6,17,14.44444444,3.333333333,
2020,6,18,10,3.888888889,
2020,6,19,20,4.444444444,
2020,6,20,24.44444444,6.111111111,
2020,6,21,18.88888889,10.55555556,
2020,6,22,25.55555556,8.333333333,
2020,6,23,28.33333333,9.444444444,
2020,6,24,32.22222222,10,
2020,6,25,29.44444444,11.66666667,
2020,6,26,29.44444444,10,
2020,6,27,31.66666667,11.66666667,
2020,6,28,27.22222222,8.333333333,
2020,6,29,18.33333333,5,
2020,6,30,14.44444444,6.111111111,
2020,7,1,17.22222222,6.111111111,
2020,7,2,22.22222222,3.888888889,
2020,7,3,26.11111111,5.555555556,
2020,7,4,26.66666667,7.222222222,
2020,7,5,28.33333333,8.333333333,
2020,7,6,28.33333333,8.333333333,
2020,7,7,30,10,
2020,7,8,26.11111111,10.55555556,
2020,7,9,27.22222222,8.333333333,
2020,7,10,29.44444444,10,
2020,7,11,30,7.777777778,
2020,7,12,28.33333333,11.11111111,
2020,7,13,25.55555556,6.666666667,
2020,7,14,25.55555556,8.888888889,
2020,7,15,30.55555556,9.444444444,
2020,7,16,,,197
2020,7,17,,,198
2020,7,18,,,199
2020,7,19,,,200
2020,7,20,,,201
2020,7,21,,,202
2020,7,22,,,203
2020,7,23,,,204
2020,7,24,,,205
2020,7,25,,,206
2020,7,26,,,207
2020,7,27,,,208
2020,7,28,,,209
2020,7,29,,,210
2020,7,30,,,211
2020,7,31,,,212
2020,8,1,,,213
2020,8,2,,,214
2020,8,3,,,215
2020,8,4,,,216
2020,8,5,,,217
2020,8,6,,,218
2020,8,7,,,219
2020,8,8,,,220
2020,8,9,,,221
2020,8,10,,,222
2020,8,11,,,223
2020,8,12,,,224
2020,8,13,,,225
2020,8,14,,,226
2020,8,15,,,227
2020,8,16,,,228
2020,8,17,,,229
2020,8,18,,,230
2020,8,19,,,231
2020,8,20,,,232
2020,8,21,,,233
2020,8,22,23.6,20.3,
2020,8,23,34.2,9.8,
2020,8,24,27,9.3,
2020,8,25,26.7,12.9,
2020,8,26,25.3,10.9,
2020,8,27,29.7,12.8,
2020,8,28,32.4,8.5,
2020,8,29,15.5,13.3,
2020,9,1,30.7,30.1,
2020,9,3,35.4,15.6,
2020,9,4,36.2,7.8,
2020,9,5,37.6,8.4,
2020,9,6,34.5,9.4,
2020,9,7,24.3,7,
2020,9,8,19.6,3.5,
2020,9,9,26.1,0.5,
2020,9,10,30.8,3.3,
2020,9,11,32.1,5.1,
2020,9,12,32.6,5.3,
2020,9,13,25.9,5.1,
2020,9,14,24.8,4.5,
2020,9,15,25.6,4,
2020,9,16,27.2,3.6,
2020,9,17,28.7,3.9,
2020,9,18,17.1,5.1,
2020,9,19,16.5,7.6,
2020,9,20,22.7,5.8,
2020,9,21,28.3,4,
2020,9,22,24.2,4.2,
2020,9,23,29.8,7,
2020,9,24,21.4,7.7,
2020,9,25,17.8,4,
2020,9,26,18.3,7.2,
2020,9,27,18.2,6.7,
2020,9,28,22.6,1.1,
2020,9,29,25.4,2,
2020,9,30,27.1,1.8,
2020,10,1,25.9,1.9,
2020,10,2,26.1,6.8,
2020,10,3,26.6,3.8,
2020,10,4,29.1,2.2,
2020,10,5,26.7,3.5,
2020,10,6,26,2.4,
2020,10,7,25.9,1.9,
2020,10,8,27.3,2,
2020,10,9,24,1.6,
2020,10,10,20.2,2.4,
2020,10,11,13.3,3.3,
2020,10,12,16.3,3.6,
2020,10,13,15.4,2.7,
2020,10,14,13.5,3.3,
2020,10,15,14,1.4,
2020,10,16,21.4,0.9,
2020,10,17,19.6,10.5,
2020,10,18,13.2,8.6,
2020,10,19,20.7,6,
2020,10,20,14.9,9.1,
2020,10,21,14.1,1.8,
2020,10,22,8.9,-1.9,
2020,10,23,10.6,-5.5,
2020,10,24,8.2,-3.5,
2020,10,25,-0.4,-7.7,
2020,10,26,2.7,-1.9,
2020,10,27,13.8,-1.4,
2020,10,28,14.8,-3.6,
2020,10,29,13.8,-2.9,
2020,10,30,23.1,-3.6,
2020,10,31,13.6,-1.5,
2020,11,1,13.2,-4.3,
2020,11,2,14,-5,
2020,11,3,14.4,-4.6,
2020,11,4,17.9,-2.1,
2020,11,5,18,0.1,
2020,11,6,15.4,0.6,
2020,11,7,10.9,-0.1,
2020,11,8,1.5,-3.2,
2020,11,9,2.4,-5.9,
2020,11,10,2.5,-5.1,
2020,11,11,2.8,-4.5,
2020,11,12,0.7,-10.6,
2020,11,13,0.9,-8.3,
2020,11,14,4.3,-2.8,
2020,11,15,5.1,-2.2,
2020,11,16,4.6,-3.3,
2020,11,17,12.4,-2.2,
2020,11,18,10,1.7,
2020,11,19,5.9,-2.1,
2020,11,20,1.9,-5.6,
2020,11,21,0.4,-7.9,
2020,11,22,-0.8,-10.3,
2020,11,23,0.8,-8,
2020,11,24,3.8,-5,
2020,11,25,2.6,-5.6,
2020,11,26,3.3,-4.8,
2020,11,27,2,-9.1,
2020,11,28,-0.7,-10.7,
2020,11,29,-0.5,-10.8,
2020,11,30,-2.3,-11.5,
2020,12,1,6.1,-6.1,
2020,12,2,-1.5,-10.3,
2020,12,3,-3,-11.7,
2020,12,4,-2.9,-11.8,
2020,12,5,-3.7,-12.5,
2020,12,6,-3.6,-12.2,
2020,12,7,-3.2,-12,
2020,12,8,-0.8,-10.3,
2020,12,9,1,-8.8,
2020,12,10,-1.2,-9.8,
2020,12,11,-1.7,-10.9,
2020,12,12,-1.8,-11.4,
2020,12,13,-5.2,-12.4,
2020,12,14,-0.7,-7.4,
2020,12,15,0.4,-7.5,
2020,12,16,1.2,-5.1,
2020,12,17,3.6,-2,
2020,12,18,4,-2.4,
2020,12,19,8.6,-3.4,
2020,12,20,4.6,0.6,
2020,12,21,6.1,-0.9,
2020,12,22,6.7,-2.9,
2020,12,23,-1.9,-9.7,
2020,12,24,-4.5,-12.3,
2020,12,25,-1.9,-11.1,
2020,12,26,1.2,-3.2,
2020,12,27,-1.6,-11.5,
2020,12,28,-2.7,-13.4,
2020,12,29,-8.7,-15.3,
2020,12,30,-3.5,-11.4,
2020,12,31,-0.6,-7,
2021,1,1,0.1,-8.5,
2021,1,2,3.8,-3.6,
2021,1,3,6.7,-3.1,
2021,1,4,0.9,-6.2,
2021,1,5,3.3,-6.5,
2021,1,6,1,-7.1,
2021,1,7,0.8,-5.1,
2021,1,8,1.3,-6.6,
2021,1,9,1.5,-9.6,
2021,1,10,-2.6,-12,
2021,1,11,-2.1,-11.9,
2021,1,12,-1.5,-8.9,
2021,1,13,8.4,-3.4,
2021,1,14,0.6,-9.1,
2021,1,15,-0.7,-10,
2021,1,16,3.8,-7.8,
2021,1,17,4.8,-5.8,
2021,1,18,3.4,-4.5,
2021,1,19,0.4,-9.1,
2021,1,20,0.4,-10.3,
2021,1,21,-0.3,-5.2,
2021,1,22,5.9,-7.1,
2021,1,23,4.8,-9.3,
2021,1,24,0,-13.7,
2021,1,25,-3.2,-13.9,
2021,1,26,-1.2,-15.1,
2021,1,27,0.2,-12.6,
2021,1,28,5.7,-5.7,
2021,1,29,3.8,-1.1,
2021,1,30,5.7,-4.6,
2021,1,31,3.9,-8.6,
2021,2,1,5.2,-8.3,
2021,2,2,10.5,-3.8,
2021,2,3,3.3,-4.5,
2021,2,4,4.1,-2.7,
2021,2,5,6.8,-1.6,
2021,2,6,5.1,-1.8,
2021,2,7,5.3,-2.1,
2021,2,8,3.4,-4.3,
2021,2,9,1.4,-10.6,
2021,2,10,3.2,-12,
2021,2,11,0.3,-5.9,
2021,2,12,-3.9,-8.4,
2021,2,13,-6.2,-10.6,
2021,2,14,-1.9,-10.4,
2021,2,15,0.6,-8.8,
2021,2,16,5.3,-3.4,
2021,2,17,3.1,-4.2,
2021,2,18,0.3,-9.2,
2021,2,19,5.6,-4,
2021,2,20,5.3,-2.6,
2021,2,21,4,-3.5,
2021,2,22,8.3,-3.7,
2021,2,23,8.3,-2.7,
2021,2,24,2.8,-7.4,
2021,2,25,1.9,-12.7,
2021,2,26,4.6,-4.3,
2021,2,27,3.9,-5.8,
2021,2,28,-0.4,-10.8,
2021,3,1,7.4,-11.1,
2021,3,2,10.2,-6.7,
2021,3,3,10,-7.5,
2021,3,4,12.3,-7.3,
2021,3,5,11.7,-5.1,
2021,3,6,10.9,-3.1,
2021,3,7,10.1,-3.6,
2021,3,8,4,-0.8,
2021,3,9,7.2,-3.3,
2021,3,10,8.3,-5.8,
2021,3,11,10.3,-7,
2021,3,12,11.3,-6.6,
2021,3,13,12.4,-6.4,
2021,3,14,13.5,-5.8,
2021,3,15,15.4,-1.3,
2021,3,16,15,0.3,
2021,3,17,15.2,-3.6,
2021,3,18,18,-1.9,
2021,3,19,12.8,1.7,
2021,3,20,8.9,-0.9,
2021,3,21,9.6,-2.1,
2021,3,22,7.8,0.7,
2021,3,23,8,-0.1,
2021,3,24,8,-3.8,
2021,3,25,6.2,0.2,
2021,3,26,8.2,0.8,
2021,3,27,16.2,-1.2,
2021,3,28,20.3,-0.2,
2021,3,29,12.8,-2.1,
2021,3,30,6.8,-2.4,
2021,3,31,15.1,-6,
2021,4,1,21.9,-3.5,
2021,4,2,21.5,-0.6,
2021,4,3,23.1,-0.4,
2021,4,4,22.2,3.5,
2021,4,5,10.3,4,
2021,4,6,16,2.9,
2021,4,7,19.4,-1.8,
2021,4,8,9.1,0.3,
2021,4,9,17.1,-4.5,
2021,4,10,12.7,-1.1,
2021,4,11,9.3,-4.7,
2021,4,12,9.2,-1.4,
2021,4,13,10.6,0.7,
2021,4,14,10.4,-1.7,
2021,4,15,13.8,-0.3,
2021,4,16,15.9,0.5,
2021,4,17,19.7,-1.5,
2021,4,18,22.3,-0.6,
2021,4,19,12.1,3.5,
2021,4,20,14.7,-2.4,
2021,4,21,18.3,-2.1,
2021,4,22,16.9,-0.8,
2021,4,23,17.5,2.4,
2021,4,24,14.5,5.7,
2021,4,25,13.8,5.1,
2021,4,26,13.7,3.2,
2021,4,27,18.2,-0.1,
2021,4,28,22.3,0.9,
2021,4,29,27.7,3,
2021,4,30,28.2,5.7,
2021,5,1,21.4,7.8,
2021,5,2,15.4,7,
2021,5,3,18.9,1.1,
2021,5,4,18.2,5.9,
2021,5,5,24.3,0.6,
2021,5,6,29.8,1.7,
2021,5,7,17.8,3.6,
2021,5,8,13,1.2,
2021,5,9,13,-1.2,
2021,5,10,15.2,3.2,
2021,5,11,19.7,-1.1,
2021,5,12,22.4,1.2,
2021,5,13,22.8,3.2,
2021,5,14,24.2,5.4,
2021,5,15,23.9,7.3,
2021,5,16,28.1,4.8,
2021,5,17,26.6,5,
2021,5,18,24.1,7.7,
2021,5,19,16.4,2.1,
2021,5,20,9.4,1.9,
2021,5,21,10.2,4.7,
2021,5,22,18.8,3.7,
2021,5,23,10.6,6.5,
2021,5,24,16.7,5.3,
2021,5,25,17.9,4.2,
2021,5,26,20.1,6.5,
2021,5,27,24.3,2.7,
2021,5,28,21.5,7.4,
2021,5,29,24.9,2.8,
2021,5,30,24.6,3.9,
2021,5,31,30,5.6,
2021,6,1,31.4,7.3,
2021,6,2,30.6,8.5,
2021,6,3,32.1,9.9,
2021,6,4,22.6,11.9,
2021,6,5,29,11.5,
2021,6,6,25.8,8.9,
2021,6,7,23.7,5.9,
2021,6,8,23.4,10,
2021,6,9,24.1,13.8,
2021,6,10,16.3,4.2,
2021,6,11,23.2,1.6,
2021,6,12,29.1,6.8,
2021,6,13,34.1,7.8,
2021,6,14,33.7,9.5,
2021,6,15,32,11.9,
2021,6,16,31.7,11.4,
2021,6,17,29.9,9.6,
2021,6,18,34.5,8.6,
2021,6,19,32.5,11.2,
2021,6,20,30.2,12.8,
2021,6,21,34.9,9.7,
2021,6,22,35.1,11.4,
2021,6,23,32.6,13,
2021,6,24,31.9,12.3,
2021,6,25,29.4,11.7,
2021,6,26,33.4,12.2,
2021,6,27,34.9,12.9,
2021,6,28,38.5,13.6,
2021,6,29,39,13.1,
2021,6,30,38.8,15.3,
2021,7,1,33.1,16.1,
2021,7,2,36.7,14.1,
2021,7,3,37.8,14.2,
2021,7,4,34.7,17.8,
2021,7,5,35.8,16.6,
2021,7,6,38.5,12.2,
2021,7,7,37.5,20.1,
2021,7,8,35.4,15.3,
2021,7,9,34.3,17,
2021,7,10,37.6,12,
2021,7,11,36.4,12.8,
2021,7,12,37.2,12.3,
2021,7,13,33.8,16.1,
2021,7,14,36.4,12.5,
2021,7,15,37.1,13.1,
2021,7,16,31.3,14.2,
2021,7,17,37.4,12.1,
2021,7,18,37.4,11.3,
2021,7,19,23.9,16.4,
2021,7,20,26.4,15.8,
2021,7,21,35.6,13.2,
2021,7,22,35.1,12.9,
2021,7,23,34.6,11.7,
2021,7,24,36.8,10.9,
2021,7,25,36.6,12.5,
2021,7,26,38.2,12.3,
2021,7,27,31.6,15.2,
2021,7,28,31.2,13,
2021,7,29,36,14.8,
2021,7,30,38.1,13.1,
2021,7,31,33.1,15.7,
2021,8,1,32.7,18.4,
2021,8,2,24.4,16.2,
2021,8,3,33.2,13.4,
2021,8,4,36.3,13.2,
2021,8,5,30.7,17.5,
2021,8,6,28.4,13.2,
2021,8,7,33.2,11.1,
2021,8,8,28.2,12.5,
2021,8,9,27.6,8.6,
2021,8,10,32.8,9,
2021,8,11,34.3,14.3,
2021,8,12,36,12.4,
2021,8,13,37.1,11.8,
2021,8,14,34.9,13.4,
2021,8,15,35.5,12.1,
2021,8,16,33.9,12.5,
2021,8,17,26.4,12.4,
2021,8,18,20.3,11.4,
2021,8,19,22.6,10.6,
2021,8,20,26.6,11.3,
2021,8,21,19.5,11.6,
2021,8,22,26.4,10.2,
2021,8,23,28.1,6.3,
2021,8,24,28.7,6.6,
2021,8,25,26.8,6.7,
2021,8,26,26.7,8,
2021,8,27,26.2,12.1,
2021,8,28,28,8,
2021,8,29,31.6,6.4,
2021,8,30,32.5,6.8,
2021,8,31,28.2,7.6,
2021,9,1,27.9,5.9,
2021,9,2,26.2,5.9,
2021,9,3,29,6.4,
2021,9,4,30.8,4.4,
2021,9,5,33.4,6.5,
2021,9,6,33.7,6,
2021,9,7,33.7,8.6,
2021,9,8,35.3,7.9,
2021,9,9,34.3,10.2,
2021,9,10,30.2,11,
2021,9,11,27.1,9.3,
2021,9,12,26.1,6.5,
2021,9,13,28.3,6.8,
2021,9,14,28,7.3,
2021,9,15,28.3,6.1,
2021,9,16,21.9,9,
2021,9,17,28.7,1,
2021,9,18,27.3,7.2,
2021,9,19,15.2,5.4,
2021,9,20,18.7,3.5,
2021,9,21,24.6,0.7,
2021,9,22,26.7,2.8,
2021,9,23,25,6.6,
2021,9,24,27.7,4.1,
2021,9,25,30.6,4.4,
2021,9,26,30.8,4.7,
2021,9,27,29.4,4.6,
2021,9,28,15.1,4.5,
2021,9,29,18.5,0.6,
2021,9,30,22.2,-0.4,
2021,10,1,22.7,2.1,
2021,10,2,24.6,2.2,
2021,10,3,26.7,1.4,
2021,10,4,26.7,1.3,
2021,10,5,24.3,4.3,
2021,10,6,24.4,5,
2021,10,7,16.6,7.8,
2021,10,8,16,4.8,
2021,10,9,16.1,3.9,
2021,10,10,17.6,3.4,
2021,10,11,5,1.6,
2021,10,12,5.5,0,
2021,10,13,7.1,-0.1,
2021,10,14,8.5,0.7,
2021,10,15,15.7,-1.1,
2021,10,16,18.8,-1.7,
2021,10,17,19,-1.5,
2021,10,18,17.7,1.7,
2021,10,19,18.8,0.6,
2021,10,20,18.3,3.8,
2021,10,21,21.7,2.9,
2021,10,22,17.8,4.7,
2021,10,23,12,3.8,
2021,10,24,11.9,3.4,
2021,10,25,9.1,5.2,
2021,10,26,9.9,2,
2021,10,27,12.4,4.5,
2021,10,28,16.6,5,
2021,10,29,21,4,
2021,10,30,13.7,1,
2021,10,31,11.9,-1.4,
2021,11,1,12.9,1.6,
2021,11,2,13.9,2.6,
2021,11,3,13.3,0.6,
2021,11,4,13.1,1,
2021,11,5,14.3,0.4,
2021,11,6,11.8,4,
2021,11,7,7.3,-2.7,
2021,11,8,5.2,-6.2,
2021,11,9,3.7,-4.9,
2021,11,10,6.3,-4.3,
2021,11,11,4.1,-3.9,
2021,11,12,8,-0.2,
2021,11,13,11.7,1.6,
2021,11,14,18.5,5.6,
2021,11,15,16.8,2.4,
2021,11,16,11.6,-1.8,
2021,11,17,3,-5.4,
2021,11,18,3.7,-4.7,
2021,11,19,7.4,0.5,
2021,11,20,7.9,-3.3,
2021,11,21,4.7,-6,
2021,11,22,4.7,-6.8,
2021,11,23,-0.1,-7.9,
2021,11,24,3.3,-7,
2021,11,25,3.2,-7.2,
2021,11,26,5.5,-2.5,
2021,11,27,6.1,-1.1,
2021,11,28,11,2.2,
2021,11,29,10.6,-0.7,
2021,11,30,4.4,4.2,
2021,12,1,9.2,0.3,
2021,12,2,9.8,0.6,
2021,12,3,6,-1.7,
2021,12,4,-1.4,-1.6,
2021,12,7,-1.5,-1.6,
2021,12,8,0,-0.9,
2021,12,9,-3.8,-3.8,
2021,12,10,-4,-4.4,
2021,12,11,1.7,1.5,
2021,12,12,5,-0.5,
2021,12,13,2.2,0.2,
2021,12,14,1.9,0.6,
2021,12,15,-8.3,-8.5,
2021,12,16,-4.4,-4.4,
2021,12,17,-10.8,-10.9,
2021,12,18,-2.9,-3,
2021,12,19,0.5,0.4,
2021,12,21,-0.1,-1.1,
2021,12,22,1.4,-2.7,
2021,12,23,3.2,0.2,
2021,12,24,0.1,-0.5,
2022,1,27,-5,-14.2,
2022,1,28,-4.6,-17.5,
2022,1,29,-4,-18,
2022,1,30,-1.8,-17.2,
2022,1,31,2.1,-6.7,
2022,2,1,-0.6,-9.3,
2022,2,2,-2.7,-12.2,
2022,2,3,0.4,-9.3,
2022,2,4,2.1,-7.6,
2022,2,5,8.2,-6.5,
2022,2,6,4.2,-8.5,
2022,2,7,2.5,-11.4,
2022,2,8,5.7,-10.6,
2022,2,9,6.5,0,
2022,2,10,11,-2.7,
2022,2,11,11,-5.8,
2022,2,12,5.2,-9.6,
2022,2,13,7.9,-10.7,
2022,2,14,6.6,-6.7,
2022,2,15,5.2,-0.2,
2022,2,16,6.7,-2,
2022,2,17,6.7,-5.5,
2022,2,18,11.2,-4,
2022,2,19,14.1,-5.9,
2022,2,20,8.8,-5.6,
2022,2,21,2.7,-7.3,
2022,2,22,-5.9,-13.8,
2022,2,23,-5.1,-17.6,
2022,2,24,-1.3,-12.1,
2022,2,25,-0.8,-15.5,
2022,2,26,2.9,-14.3,
2022,2,27,3.8,-12,
2022,2,28,10,0.4,
2022,3,1,8.1,1.4,
2022,3,2,16.8,0.9,
2022,3,3,17,-0.9,
2022,3,4,7.6,1.1,
2022,3,5,6.5,-0.5,
2022,3,6,3.4,-5.7,
2022,3,7,2.4,-5.6,
2022,3,8,6.2,-2.5,
2022,3,9,-1.2,-7,
2022,3,10,3.4,-10.6,
2022,3,11,3.8,-4.9,
2022,3,12,17.1,-2.1,
2022,3,13,8.7,-1.7,
2022,3,14,11.5,-1.7,
2022,3,15,12.6,2.6,
2022,3,16,8.2,-1.3,
2022,3,17,11.6,-4.7,
2022,3,18,14.5,0.9,
2022,3,19,16.8,-1.2,
2022,3,20,5.7,-1.7,
2022,3,21,9.4,-3.2,
2022,3,22,15.8,3.5,
2022,3,23,20.8,-1.7,
2022,3,24,20.4,2.6,
2022,3,25,20.2,0.5,
2022,3,26,21.8,1.2,
2022,3,27,21.9,0.9,
2022,3,28,16.9,3.8,
2022,3,29,13.4,2.3,
2022,3,30,16.6,-1.9,
2022,3,31,10.6,1.1,
2022,4,1,16.3,-2.2,
2022,4,2,11.7,-0.3,
2022,4,3,15.9,-4.6,
2022,4,4,9.3,0.4,
2022,4,5,7.5,-0.8,
2022,4,6,12.3,-3.1,
2022,4,7,20.7,-3.5,
2022,4,8,24.2,0.1,
2022,4,9,8.7,-0.3,
2022,4,10,3.1,-3.2,
2022,4,11,2.3,-4.3,
2022,4,12,2.1,-3.6,
2022,4,13,2,-5.5,
2022,4,14,7.9,-6.1,
2022,4,15,5.6,-4.8,
2022,4,16,9.5,-2.1,
2022,4,17,9.8,-3.3,
2022,4,18,19.8,2.1,
2022,4,19,14.9,1.3,
2022,4,20,15,0.3,
2022,4,21,13.7,4,
2022,4,22,11.6,5.2,
2022,4,23,11.3,2.4,
2022,4,24,17,-1.7,
2022,4,25,19.1,-1.1,
2022,4,26,15.6,3.6,
2022,4,27,12.2,2.2,
2022,4,28,11.3,0.2,
2022,4,29,12.2,3.2,
2022,4,30,11.8,-1.1,
2022,5,1,16.6,4.8,
2022,5,2,18.9,0.5,
2022,5,3,13.5,3.8,
2022,5,4,22.2,2.6,
2022,5,5,22.7,5.1,
2022,5,6,18.9,6.2,
2022,5,7,12.7,3.4,
2022,5,8,10.1,0.2,
2022,5,9,10.7,-0.2,
2022,5,10,10.4,0.7,
2022,5,11,15,-1.3,
2022,5,12,15,6,
2022,5,13,14.3,3.2,
2022,5,14,15.4,5.5,
2022,5,15,27,2.1,
2022,5,16,24,10,
2022,5,17,23.4,5.1,
2022,5,18,16.5,5.3,
2022,5,19,12,3.2,
2022,5,20,15.4,3.3,
2022,5,21,13.2,3.4,
2022,5,22,16.6,4.1,
2022,5,23,18.8,0.3,
2022,5,24,21,5.8,
2022,5,25,25.3,8,
2022,5,26,29.4,5.8,
2022,5,27,23.7,10.2,
2022,5,28,18.5,9.2,
2022,5,29,13.9,7.1,
2022,5,30,14.5,5.1,
2022,5,31,18.1,5.3,
2022,6,1,22.4,6.7,
2022,6,2,26.3,5.7,
2022,6,3,24.9,10.4,
2022,6,4,18.7,8.2,
2022,6,5,19.7,6.5,
2022,6,6,17.7,7.9,
2022,6,7,23.3,5.4,
2022,6,8,21,10,
2022,6,9,28.5,8.1,
2022,6,10,29,9.3,
2022,6,11,18.5,9.4,
2022,6,12,15,9.3,
2022,6,13,14,5.5,
2022,6,14,14.2,5.3,
2022,6,15,26.2,4.1,
2022,6,16,32.5,5,
2022,6,17,33.5,7.5,
2022,6,18,27.5,9.9,
2022,6,19,18.5,8.5,
2022,6,20,17.1,7.3,
2022,6,21,7.4,6.7,
2022,6,22,11.2,10.9,
2022,6,23,12.4,11.6,
2022,6,24,16.8,16.3,
2022,6,25,11.7,11.1,
2022,6,26,12.9,12,
2022,6,27,15,15,
2022,6,28,13.1,13.1,
2022,6,30,16.4,15.9,
2022,7,1,15.6,15.6,
2022,7,2,18.7,18.7,
2022,7,3,15.2,14.9,
2022,7,4,19.1,19.1,
2022,7,7,12.9,12.9,
2022,7,8,14.4,14.4,
2022,7,14,22,20.1,
2022,7,15,20.3,20.3,
2022,7,17,19.4,17.8,
2022,7,18,18.4,18.4,
2022,7,20,18.4,18.4,
2022,7,21,22.8,21.8,
2022,7,23,20.5,17.4,
2022,7,24,22.1,21.5,
2022,7,27,22.8,22.4,
2022,7,28,23.7,22.9,
2022,7,29,25.4,23.6,
2022,7,30,18.6,18.2,
2022,7,31,18.2,17.7,
2022,8,2,23,20.4,
2022,8,3,20.3,20.3,
2022,8,4,18.7,18.7,
2022,8,5,19.7,19.6,
2022,8,6,22,21,
2022,8,10,22.8,19.4,
2022,8,11,16.4,16.4,
2022,8,12,16.4,16.4,
2022,8,14,19.9,19.9,
2022,8,15,20.2,19.9,
2022,8,16,21.2,19.5,
2022,8,18,20.8,20.4,
2022,8,19,23.5,23.5,
2022,8,20,16.5,16.5,
2022,8,22,17.7,17.7,
2022,8,25,16.9,16.9,
2022,8,26,17.3,17.3,
2022,8,27,14.7,14.7,
2022,8,29,17.8,17.8,
2022,8,30,19.9,19.9,
2022,8,31,17,17,
2022,9,1,15.9,15.9,
2022,9,2,17.7,17.7,
2022,9,3,13.8,13.8,
2022,9,4,19.4,19.4,
2022,9,5,13.4,13.4,
2022,9,6,13.7,13.7,
2022,9,7,17,17,
2022,9,8,17.5,17.5,
2022,9,15,11.6,11.6,
2022,9,16,11,11,
2022,9,21,14.1,14.1,
2022,9,25,9.3,9.3,
2022,9,26,9.9,9.9,
2022,9,29,13.1,13.1,
2023,1,6,3.5,-6.2,
2023,1,7,0.6,-8,
2023,1,8,-0.2,-10.3,
2023,1,9,0.2,-7.8,
2023,1,10,1.1,-6.3,
2023,1,11,3.3,-5.9,
2023,1,12,3.8,-6.6,
2023,1,13,2.6,-5.4,
2023,1,14,4.4,-1,
2023,1,15,3.5,-4.2,
2023,1,16,1.6,-4.4,
2023,1,17,1.8,-4.5,
2023,1,18,-0.5,-9.9,
2023,1,19,0.8,-5.6,
2023,1,20,-0.5,-10.1,
2023,1,21,-2.1,-13.6,
2023,1,22,0.1,-6.9,
2023,1,23,-2.6,-12,
2023,1,24,-3.2,-11.7,
2023,1,25,4.2,-4.8,
2023,1,26,3,-1.4,
2023,1,27,5.1,-0.1,
2023,1,28,1.4,-9,
2023,1,29,-9.2,-19.3,
2023,1,30,-11.1,-22.8,
2023,1,31,-8.8,-18.2,
2023,2,1,-2.9,-12.9,
2023,2,2,-1.2,-15.7,
2023,2,3,0.1,-12.6,
2023,2,4,6.6,-5.5,
2023,2,5,8.2,-4.6,
2023,2,6,6.5,0.1,
2023,2,7,6.1,-4.1,
2023,2,8,5.1,-3.1,
2023,2,9,1.1,-11,
2023,2,10,3.5,-11.8,
2023,2,11,4.1,-10.9,
2023,2,12,3.7,-11.2,
2023,2,13,4.5,-9,
2023,2,14,0.4,-4.2,
2023,2,15,4.6,-8,
2023,2,16,2,-13.1,
2023,2,17,5.2,-11.7,
2023,2,18,1.3,-7.3,
2023,2,19,4.8,-4.3,
2023,2,20,7.8,-0.3,
2023,2,21,8.2,-4.7,
2023,2,22,-3.8,-12.3,
2023,2,23,-6.1,-14.2,
2023,2,24,-0.7,-15.3,
2023,2,25,5.4,-13.4,
2023,2,26,6.3,-8.6,
2023,2,27,6.1,-7.9,
2023,2,28,4.3,-6.9,
2023,3,1,4.5,-6.6,
2023,3,2,3.3,-8.5,
2023,3,3,3.7,-6.8,
2023,3,4,2,-10.4,
2023,3,5,5,-5.4,
2023,3,6,6.3,-5.3,
2023,3,7,3.9,-12,
2023,3,8,4.4,-9.8,
2023,3,9,4,-8.3,
2023,3,10,5.7,-2.6,
2023,3,11,5.1,-9.1,
2023,3,12,9.5,-4.8,
2023,3,13,11.8,1.2,
2023,3,14,10.3,0.5,
2023,3,15,4.7,-0.5,
2023,3,16,6.8,-5.4,
2023,3,17,7.6,-6.9,
2023,3,18,9.5,-6.6,
2023,3,19,9.7,-7.3,
2023,3,20,6.6,-0.7,
2023,3,21,9.6,-2,
2023,3,22,9.9,-5,
2023,3,23,9.9,-2.5,
2023,3,24,3.3,-2.4,
2023,3,25,3.1,-3.5,
2023,3,26,2.7,-3.8,
2023,3,27,6.5,-5.4,
2023,3,28,7.5,-2.7,
2023,3,29,7.3,-1.4,
2023,3,30,6.4,0.2,
2023,3,31,8.7,0.5,
2023,4,1,6.8,-1,
2023,4,2,6.4,-4.3,
2023,4,3,3.4,-1.9,
2023,4,4,2.2,-2.2,
2023,4,5,6.6,-2.5,
2023,4,6,11.8,-6.1,
2023,4,7,14,-1.8,
2023,4,8,13.7,2.2,
2023,4,9,20.1,-1.4,
2023,4,10,25.7,1.7,
2023,4,11,18.1,5.5,
2023,4,12,11.2,2.3,
2023,4,13,6.7,-0.9,
2023,4,14,9.7,-3,
2023,4,15,14.6,-2.7,
2023,4,16,25.2,2.1,
2023,4,17,21.7,-1.1,
2023,4,18,9.3,-1.3,
2023,4,19,16.1,-5.5,
2023,4,20,21.4,-1.2,
2023,4,21,17.9,0.7,
2023,4,22,26,-1.1,
2023,4,23,25.4,-3.4,
2023,4,24,13.8,2.9,
2023,4,25,25,2.1,
2023,4,26,27.9,-1.9,
2023,4,27,27.7,3.9,
2023,4,28,29.8,-1.7,
2023,4,29,32.9009204,-0.2276268,
2023,4,30,32.8176596,1.5486036,
2023,5,1,33.9740596,4.4627316,
2023,5,2,31.448482,2.954786,
2023,5,3,34.5106292,1.8353908,
2023,5,4,26.4805876,1.613362,
2023,5,5,22.6968468,4.388722,
2023,5,6,20.7725972,2.7975156,
2023,5,7,14.4355252,0.9010196,
2023,5,8,24.371314,-1.6430604,
2023,5,9,19.0796276,1.2710676,
2023,5,10,28.8766484,0.4662132,
2023,5,11,30.153314,0.6974932,
2023,5,12,32.327346,1.2155604,
2023,5,13,28.303074,2.3812116,
2023,5,14,31.9758004,3.3433364,
2023,5,15,27.4334612,6.0169332,
2023,5,16,23.7144788,4.5089876,
2023,5,17,27.0449108,5.22133,
2023,5,18,28.7378804,6.0724404,
2023,5,19,33.7520308,4.9530452,
2023,5,20,33.3264756,5.9799284,
2023,5,21,28.7748852,6.0169332,
2023,5,22,26.7858772,9.4028724,
2023,5,23,24.4453236,6.3407252,
2023,5,24,21.2166548,9.3936212,
2023,5,25,20.4950612,6.5350004,
2023,5,26,20.5598196,6.886546,
2023,5,27,22.4655668,6.192706,
2023,5,28,17.294146,7.0438164,
2023,5,29,22.7338516,4.6940116,
2023,5,30,28.0810452,5.6653876,
2023,5,31,22.4100596,8.9865684,
2023,6,1,24.6581012,7.7099028,
2023,6,2,24.3990676,5.5543732,
2023,6,3,24.4545748,10.0042004,
2023,6,4,26.591602,8.551762,
2023,6,5,24.6210964,9.708162,
2023,6,6,29.690754,6.4887444,
2023,6,7,32.0128052,7.7561588,
2023,6,8,21.5867028,12.1227252,
2023,6,9,24.5748404,8.8478004,
2023,6,10,30.7361396,6.9883092,
2023,6,11,26.6193556,9.5046356,
2023,6,12,27.8035092,6.9420532,
2023,6,13,32.1793268,9.708162,
2023,6,14,25.34269,11.095842,
2023,6,15,21.6237076,5.5266196,
2023,6,16,28.4048372,3.5746164,
2023,6,17,22.6875956,10.1429684,
2023,6,18,21.6607124,6.1186964,
2023,6,19,18.034242,5.0270548,
2023,6,20,19.0796276,1.4468404,
2023,6,21,23.9272564,3.6301236,
2023,6,22,28.6546196,1.5301012,
2023,6,23,22.3453012,6.5997588,
2023,6,24,27.9422772,5.2398324,
2023,6,25,27.4612148,7.7561588,
2023,6,26,24.3805652,9.15309,
2023,6,27,25.4074484,9.5323892,
2023,6,28,25.1391636,8.9310612,
2023,6,29,30.4956084,7.5156276,
2023,6,30,34.6308948,9.38437,
2023,7,1,32.8269108,9.4583796,
2023,7,2,33.0859444,8.1169556,
2023,7,3,31.5039892,8.274226,
2023,7,4,11.2901172,11.1328468,
2023,7,5,33.0119348,6.8680436,
2023,7,6,14.0007188,13.593666,
2023,7,7,12.298498,12.1319764,
2023,7,8,13.3068788,12.6962996,
2023,7,9,33.2894708,8.69053,
2023,7,10,33.0951956,14.3245108,
2023,7,11,33.0489396,11.5861556,
2023,7,12,15.582674,15.1941236,
2023,7,13,16.3135188,16.2025044,
2023,7,15,16.3320212,15.8787124,
2023,7,16,39.2564948,9.6341524,
2023,7,17,14.8703316,14.6205492,
2023,7,18,17.0351124,16.3042676,
2023,7,19,12.8258164,7.4508692,
2023,7,20,15.952722,11.0588372,
2023,7,21,38.7014228,9.3936212,
2023,7,22,39.4877748,9.6063988,
2023,7,23,35.51901,13.131106,
2023,7,24,32.4106068,12.5482804,
2023,7,25,33.5022484,11.9377012,
2023,7,26,14.750066,11.1606004,
2023,7,27,34.0573204,10.2539828,
2023,7,28,15.8879636,11.327122,
2023,7,29,13.454898,9.2733556,
2023,7,31,12.8443188,7.7469076,
2023,8,1,17.9509812,9.8561812,
2023,8,2,16.6558132,10.7350452,
2023,8,3,14.0007188,11.0588372,
2023,8,4,22.5858324,15.351394,
2023,8,5,14.8148244,14.4355252,
2023,8,6,12.2614932,9.8746836,
2023,8,7,12.4927732,10.263234,
2023,8,8,12.5852852,12.298498,
2023,8,9,12.2799956,10.5037652,
2023,8,10,11.9099476,10.9940788,
2023,8,11,15.1941236,10.9293204,
2023,8,12,17.5346772,12.4927732,
2023,8,13,15.3698964,12.1782324,
2023,8,14,15.212626,12.0302132,
2023,8,15,16.5447988,13.5196564,
2023,8,16,17.5901844,14.4077716,
2023,8,17,17.9787348,14.7870708,
2023,8,18,23.1964116,18.2100148,
2023,8,19,15.4531572,15.2958868,
2023,8,20,19.1998932,17.7752084,
2023,8,21,14.6390516,14.6390516,
2023,8,22,16.2580116,16.184002,
2023,8,23,13.824946,13.7509364,
2023,8,25,13.4734004,13.0200916,
2023,8,26,12.1689812,12.1689812,
2023,8,28,15.2866356,14.9998484,
2023,8,29,13.3716372,12.8350676,
2023,8,30,13.9359604,13.9359604,
2023,8,31,8.1724628,7.6914004,
2023,9,1,10.0597076,10.0412052,
2023,9,2,14.7315636,14.1209844,
2023,9,4,15.4161524,13.038594,
2023,9,6,11.0403348,11.0403348,
2023,9,7,9.6804084,9.2363508,
2023,9,8,13.1681108,13.1403572,
2023,9,12,10.5130164,9.8376788,
2023,9,13,13.7416852,13.5381588,
2023,9,14,9.1438388,8.875554,
2023,9,15,9.0883316,9.0883316,
2023,9,16,9.4953844,8.6257716,
2023,9,18,10.1059636,9.4121236,
2023,9,21,7.950434,7.1363284,
2023,9,22,8.7737908,8.7737908,
2024,5,19,14.8,8.2,
2024,5,20,13.4,4.7,
2024,5,21,17,5.3,
2024,5,22,12.9,4.2,
2024,5,23,13.2,1.9,
2024,5,24,20.2,-0.5,
2024,5,25,16.3,7,
2024,5,26,20.9,3.8,
2024,5,27,26.4,3.1,
2024,5,28,27.5,5.7,
2024,5,29,15.3,7.6,
2024,5,30,18.4,3.8,
2024,5,31,23.5,1.8,
2024,6,1,25.5,3.6,
2024,6,2,22.7,6.9,
2024,6,3,19.8,11.2,
2024,6,4,22.9,5.2,
2024,6,5,28.7,13.1,
2024,6,6,30.1,6.3,
2024,6,7,32,8.7,
2024,6,8,32,8.2,
2024,6,9,28.2,12.4,
2024,6,10,27.9,8.6,
2024,6,11,30.4,8.4,
2024,6,12,29.3,11.5,
2024,6,13,30.1,7.5,
2024,6,14,29.5,11,
2024,6,15,20.2,8.3,
2024,6,16,18.4,2.4,
2024,6,17,11.3,4.3,
2024,6,18,18.7,2.7,
2024,6,19,24.7,2.4,
2024,6,20,29.4,5,
2024,6,21,29.8,5.8,
2024,6,22,34.1,8.7,
2024,6,23,33.2,9.2,
2024,6,24,31.6,12,
2024,6,25,33.9,9.3,
2024,6,26,29.8,14.2,
2024,6,27,24.3,12.4,
2024,6,28,26.3,10.1,
2024,6,29,33.4,7.7,
2024,6,30,27.6,14.4,
2024,7,1,24.7,10.4,
2024,7,2,26.8,9,
2024,7,3,25.4,10.5,
2024,7,4,29.1,7.5,
2024,7,5,31.1,8.1,
2024,7,6,32,9.8,
2024,7,7,34.2,8.7,
2024,7,8,35.8,10.4,
2024,7,9,38.4,11.8,
2024,7,10,39,13.1,
2024,7,11,37.4,14.8,
2024,7,12,36.5,13.8,
2024,7,13,37,13,
2024,7,14,32,14.2,
2024,7,15,34.8,11.8,
2024,7,16,36,11.3,
2024,7,17,35.5,11,
2024,7,18,37.1,12.7,
2024,7,19,36.8,15.5,
2024,7,20,37.8,15.3,
2024,7,21,38.6,14.6,
2024,7,22,36.4,14.3,
2024,7,23,38.2,14.2,
2024,7,24,38.9,13.7,
2024,7,25,32.3,11.6,
2024,7,26,30.9,8,
2024,7,27,30.2,10.8,
2024,7,28,29.6,11.4,
2024,7,29,31.3,13.4,
2024,7,30,21.9,12.2,
2024,7,31,32.6,9.4,
2024,8,1,36.9,11.9,
2024,8,2,38.5,13,
2024,8,3,36.5,13.6,
2024,8,4,32,19.1,
2024,8,5,33.6,13.1,
2024,8,6,35.6,13,
2024,8,7,31.8,14.2,
2024,8,8,31.7,12.2,
2024,8,9,31.1,12,
2024,8,10,27.2,12.3,
2024,8,11,30.7,8.8,
2024,8,12,31.3,13,
2024,8,13,27.2,12.1,
2024,8,14,28.2,10.5,
2024,8,15,26.9,9,
2024,8,16,29,7.5,
2024,8,17,34.1,7.7,
2024,8,18,36.3,12.1,
2024,8,19,33.6,11.4,
2024,8,20,32.4,8.6,
2024,8,21,28.5,9.4,
2024,8,22,31.6,7.8,
2024,8,23,30.7,8.1,
2024,8,24,21.8,10.8,
2024,8,25,26.8,6.1,
2024,8,26,31.9,6.3,
2024,8,27,32.6,6,
2024,8,28,23.6,3.3,
2024,8,29,25,1.7,
2024,8,30,33.5,5.4,
2024,8,31,27.3,6,
2024,9,1,34.4,6.5,
2024,9,2,28.8,6.3,
2024,9,3,20.4,10.6,
2024,9,4,9.6,8.1,
2024,9,5,11.8,6.5,
2024,9,6,12.3,9.4,
2024,9,7,12.9,11.6,
2024,9,8,12,11.1,
2024,9,9,13.5,11.7,
2024,9,10,10.6,10.3,
2024,9,11,7.2,6.6,
2024,9,12,8.4,8.4,
2024,9,13,8.7,8.6,
2024,9,14,5.2,5,
2024,9,15,8.3,8.3,
2024,9,16,28.1,11.3,
2024,9,17,15,8.3,
2024,9,18,15.5,6.6,
2024,9,19,25.1,5,
2024,9,20,24,4.8,
